Property,Unit_Number,Unit_Type,Square_Feet,Rent,Date
Racquet Club,101,600021f1,1047, $	-00 ,10/8/13
Racquet Club,102,600021f1,1047, $	950.00 ,10/8/13
Racquet Club,103,600021f1,1047, $	780.00 ,10/8/13
Racquet Club,104,600021f1,1047, $	865.00 ,10/8/13
Racquet Club,105,600021f1,1047, $	860.00 ,10/8/13
Racquet Club,106,600021f1,1047, $	810.00 ,10/8/13
Racquet Club,107,600021f1,1047, $	840.00 ,10/8/13
Racquet Club,108,600021f1,1047, $	835.00 ,10/8/13
Racquet Club,109,600021f1,1047, $	770.00 ,10/8/13
Racquet Club,110,600021f1,1047, $	765.00 ,10/8/13
Racquet Club,111,600021f1,1047, $	825.00 ,10/8/13
Racquet Club,112,600021f1,1047, $	765.00 ,10/8/13
Racquet Club,201,600011f1,700, $	620.00 ,10/8/13
Racquet Club,202,600011f1,700, $	630.00 ,10/8/13
Racquet Club,203,600011f1,700, $	700.00 ,10/8/13
Racquet Club,204,600011f1,700, $	680.00 ,10/8/13
Racquet Club,205,600011f1,700, $	675.00 ,10/8/13
Racquet Club,206,600011f1,700, $	655.00 ,10/8/13
Racquet Club,207,600011f1,700, $	680.00 ,10/8/13
Racquet Club,208,600011f1,700, $	630.00 ,10/8/13
Racquet Club,209,600011f1,700, $	650.00 ,10/8/13
Racquet Club,210,600011f1,700, $	740.00 ,10/8/13
Racquet Club,211,600011f1,700, $	625.00 ,10/8/13
Racquet Club,212,600011f1,700, $	705.00 ,10/8/13
Racquet Club,213,600011f1,700, $	615.00 ,10/8/13
Racquet Club,214,600011f1,700, $	695.00 ,10/8/13
Racquet Club,215,600011f1,700, $	745.00 ,10/8/13
Racquet Club,216,600011f1,700, $	635.00 ,10/8/13
Racquet Club,217,600011f1,700, $	665.00 ,10/8/13
Racquet Club,218,600011f1,700, $	715.00 ,10/8/13
Racquet Club,219,600011f1,700, $	880.00 ,10/8/13
Racquet Club,220,600011f1,700, $	720.00 ,10/8/13
Racquet Club,221,600011f1,700, $	650.00 ,10/8/13
Racquet Club,222,600011f1,700, $	700.00 ,10/8/13
Racquet Club,223,600011f1,700, $	625.00 ,10/8/13
Racquet Club,224,600011f1,700, $	625.00 ,10/8/13
Racquet Club,301,600022f1,1027, $	780.00 ,10/8/13
Racquet Club,302,600022f1,1027, $	855.00 ,10/8/13
Racquet Club,303,600022f1,1027, $	770.00 ,10/8/13
Racquet Club,304,600022f1,1027, $	765.00 ,10/8/13
Racquet Club,305,600022f1,1027," $	1,075.00 ",10/8/13
Racquet Club,306,600022f1,1027, $	740.00 ,10/8/13
Racquet Club,307,600022f1,1027, $	800.00 ,10/8/13
Racquet Club,308,600022f1,1027, $	822.00 ,10/8/13
Racquet Club,309,600022f1,1027, $	885.00 ,10/8/13
Racquet Club,310,600022f1,1027, $	775.00 ,10/8/13
Racquet Club,311,600022f1,1027, $	890.00 ,10/8/13
Racquet Club,312,600022f1,1027, $	880.00 ,10/8/13
Racquet Club,313,600022f1,1027, $	855.00 ,10/8/13
Racquet Club,314,600022f1,1027, $	785.00 ,10/8/13
Racquet Club,315,600022f1,1027, $	795.00 ,10/8/13
Racquet Club,316,600022f1,1027, $	835.00 ,10/8/13
Racquet Club,317,600022f1,1027, $	780.00 ,10/8/13
Racquet Club,318,600022f1,1027, $	845.00 ,10/8/13
Racquet Club,319,600022f1,1027, $	775.00 ,10/8/13
Racquet Club,320,600022f1,1027, $	830.00 ,10/8/13
Racquet Club,321,600022f1,1027, $	855.00 ,10/8/13
Racquet Club,322,600022f1,1027, $	870.00 ,10/8/13
Racquet Club,323,600022f1,1027," $	1,080.00 ",10/8/13
Racquet Club,324,600022f1,1027, $	875.00 ,10/8/13
Racquet Club,401,600011f1,700, $	745.00 ,10/8/13
Racquet Club,402,600011f1,700, $	650.00 ,10/8/13
Racquet Club,403,600011f1,700, $	621.00 ,10/8/13
Racquet Club,404,600011f1,700, $	655.00 ,10/8/13
Racquet Club,405,600011f1,700, $	685.00 ,10/8/13
Racquet Club,406,600011f1,700, $	670.00 ,10/8/13
Racquet Club,407,600011f1,700, $	705.00 ,10/8/13
Racquet Club,408,600011f1,700, $	685.00 ,10/8/13
Racquet Club,409,600011f1,700, $	705.00 ,10/8/13
Racquet Club,410,600011f1,700, $	715.00 ,10/8/13
Racquet Club,411,600011f1,700, $	-00 ,10/8/13
Racquet Club,412,600011f1,700, $	700.00 ,10/8/13
Racquet Club,413,600011f1,700, $	705.00 ,10/8/13
Racquet Club,414,600011f1,700, $	630.00 ,10/8/13
Racquet Club,415,600011f1,700, $	730.00 ,10/8/13
Racquet Club,416,600011f1,700, $	655.00 ,10/8/13
Racquet Club,417,600011f1,700, $	690.00 ,10/8/13
Racquet Club,418,600011f1,700, $	735.00 ,10/8/13
Racquet Club,419,600011f1,700, $	705.00 ,10/8/13
Racquet Club,420,600011f1,700, $	660.00 ,10/8/13
Racquet Club,421,600011f1,700, $	670.00 ,10/8/13
Racquet Club,422,600011f1,700, $	725.00 ,10/8/13
Racquet Club,423,600011f1,700, $	720.00 ,10/8/13
Racquet Club,424,600011f1,700, $	670.00 ,10/8/13
Racquet Club,501,600021f1,1047, $	825.00 ,10/8/13
Racquet Club,502,600021f1,1047, $	835.00 ,10/8/13
Racquet Club,503,600021f1,1047, $	855.00 ,10/8/13
Racquet Club,504,600021f1,1047, $	800.00 ,10/8/13
Racquet Club,505,600021f1,1047, $	795.00 ,10/8/13
Racquet Club,506,600021f1,1047, $	795.00 ,10/8/13
Racquet Club,507,600021f1,1047, $	815.00 ,10/8/13
Racquet Club,508,600021f1,1047, $	810.00 ,10/8/13
Racquet Club,509,600021f1,1047, $	810.00 ,10/8/13
Racquet Club,510,600021f1,1047, $	835.00 ,10/8/13
Racquet Club,511,600021f1,1047, $	765.00 ,10/8/13
Racquet Club,512,600021f1,1047, $	805.00 ,10/8/13
Racquet Club,601,600021f1,1047, $	835.00 ,10/8/13
Racquet Club,602,600021f1,1047, $	825.00 ,10/8/13
Racquet Club,603,600021f1,1047, $	-00 ,10/8/13
Racquet Club,604,600021f1,1047, $	740.00 ,10/8/13
Racquet Club,605,600021f1,1047, $	860.00 ,10/8/13
Racquet Club,606,600021f1,1047, $	795.00 ,10/8/13
Racquet Club,607,600021f1,1047, $	740.00 ,10/8/13
Racquet Club,608,600021f1,1047, $	750.00 ,10/8/13
Racquet Club,609,600021f1,1047, $	860.00 ,10/8/13
Racquet Club,610,600021f1,1047, $	805.00 ,10/8/13
Racquet Club,611,600021f1,1047, $	845.00 ,10/8/13
Racquet Club,612,600021f1,1047, $	780.00 ,10/8/13
Racquet Club,701,600001s1,500, $	675.00 ,10/8/13
Racquet Club,702,600001s1,500, $	635.00 ,10/8/13
Racquet Club,703,600001s1,500, $	550.00 ,10/8/13
Racquet Club,704,600001s1,500, $	540.00 ,10/8/13
Racquet Club,705,600001s1,500, $	585.00 ,10/8/13
Racquet Club,706,600001s1,500, $	700.00 ,10/8/13
Racquet Club,707,600001s1,500, $	550.00 ,10/8/13
Racquet Club,708,600001s1,500, $	560.00 ,10/8/13
Racquet Club,709,600001s1,500, $	580.00 ,10/8/13
Racquet Club,710,600001s1,500, $	595.00 ,10/8/13
Racquet Club,711,600001s1,500, $	675.00 ,10/8/13
Racquet Club,712,600001s1,500, $	690.00 ,10/8/13
Racquet Club,713,600001s1,500, $	795.00 ,10/8/13
Racquet Club,714,600001s1,500, $	620.00 ,10/8/13
Racquet Club,715,600001s1,500, $	540.00 ,10/8/13
Racquet Club,716,600001s1,500, $	-00 ,10/8/13
Racquet Club,717,600001s1,500, $	645.00 ,10/8/13
Racquet Club,718,600001s1,500, $	640.00 ,10/8/13
Racquet Club,719,600001s1,500, $	685.00 ,10/8/13
Racquet Club,720,600001s1,500, $	720.00 ,10/8/13
Racquet Club,721,600001s1,500, $	650.00 ,10/8/13
Racquet Club,722,600001s1,500, $	-00 ,10/8/13
Racquet Club,723,600001s1,500, $	585.00 ,10/8/13
Racquet Club,724,600001s1,500, $	550.00 ,10/8/13
Racquet Club,725,600001s1,500, $	635.00 ,10/8/13
Racquet Club,726,600001s1,500, $	810.00 ,10/8/13
Racquet Club,727,600001s1,500, $	590.00 ,10/8/13
Racquet Club,728,600001s1,500, $	565.00 ,10/8/13
Racquet Club,729,600001s1,500, $	630.00 ,10/8/13
Racquet Club,730,600001s1,500, $	670.00 ,10/8/13
Racquet Club,801,600011f1,700, $	710.00 ,10/8/13
Racquet Club,802,600011f1,700, $	715.00 ,10/8/13
Racquet Club,803,600011f1,700, $	620.00 ,10/8/13
Racquet Club,804,600011f1,700, $	670.00 ,10/8/13
Racquet Club,805,600011f1,700, $	725.00 ,10/8/13
Racquet Club,806,600011f1,700, $	685.00 ,10/8/13
Racquet Club,807,600011f1,700, $	680.00 ,10/8/13
Racquet Club,808,600011f1,700, $	795.00 ,10/8/13
Racquet Club,809,600011f1,700, $	885.00 ,10/8/13
Racquet Club,810,600011f1,700, $	725.00 ,10/8/13
Racquet Club,811,600011f1,700, $	720.00 ,10/8/13
Racquet Club,812,600011f1,700, $	690.00 ,10/8/13
Racquet Club,813,600011f1,700, $	820.00 ,10/8/13
Racquet Club,814,600011f1,700, $	710.00 ,10/8/13
Racquet Club,815,600011f1,700, $	630.00 ,10/8/13
Racquet Club,816,600011f1,700, $	685.00 ,10/8/13
Racquet Club,817,600011f1,700, $	745.00 ,10/8/13
Racquet Club,818,600011f1,700, $	780.00 ,10/8/13
Racquet Club,819,600011f1,700, $	685.00 ,10/8/13
Racquet Club,820,600011f1,700, $	-00 ,10/8/13
Racquet Club,821,600011f1,700, $	680.00 ,10/8/13
Racquet Club,822,600011f1,700, $	-00 ,10/8/13
Racquet Club,823,600011f1,700, $	680.00 ,10/8/13
Racquet Club,824,600011f1,700, $	695.00 ,10/8/13
Racquet Club,901,600011f1,700, $	925.00 ,10/8/13
Racquet Club,902,600011f1,700, $	750.00 ,10/8/13
Racquet Club,903,600011f1,700, $	640.00 ,10/8/13
Racquet Club,904,600011f1,700, $	715.00 ,10/8/13
Racquet Club,905,600011f1,700, $	685.00 ,10/8/13
Racquet Club,906,600011f1,700, $	640.00 ,10/8/13
Racquet Club,907,600011f1,700, $	840.00 ,10/8/13
Racquet Club,908,600011f1,700, $	655.00 ,10/8/13
Racquet Club,909,600011f1,700, $	740.00 ,10/8/13
Racquet Club,910,600011f1,700, $	860.00 ,10/8/13
Racquet Club,911,600011f1,700, $	680.00 ,10/8/13
Racquet Club,912,600011f1,700, $	725.00 ,10/8/13
Racquet Club,913,600011f1,700, $	615.00 ,10/8/13
Racquet Club,914,600011f1,700, $	700.00 ,10/8/13
Racquet Club,915,600011f1,700, $	625.00 ,10/8/13
Racquet Club,916,600011f1,700, $	645.00 ,10/8/13
Racquet Club,917,600011f1,700, $	805.00 ,10/8/13
Racquet Club,918,600011f1,700, $	661.50 ,10/8/13
Racquet Club,919,600011f1,700, $	680.00 ,10/8/13
Racquet Club,920,600011f1,700, $	705.00 ,10/8/13
Racquet Club,921,600011f1,700, $	675.00 ,10/8/13
Racquet Club,922,600011f1,700, $	665.00 ,10/8/13
Racquet Club,923,600011f1,700, $	685.00 ,10/8/13
Racquet Club,924,600011f1,700, $	630.00 ,10/8/13
Racquet Club,1001,600011f2,760, $	655.00 ,10/8/13
Racquet Club,1002,600011f2,760, $	725.00 ,10/8/13
Racquet Club,1003,600011f2,760, $	-00 ,10/8/13
Racquet Club,1004,600011f2,760, $	635.00 ,10/8/13
Racquet Club,1005,600011f2,760, $	690.00 ,10/8/13
Racquet Club,1006,600011f2,760, $	685.00 ,10/8/13
Racquet Club,1007,600011f2,760, $	650.00 ,10/8/13
Racquet Club,1008,600011f2,760, $	675.00 ,10/8/13
Racquet Club,1009,600011f2,760, $	695.00 ,10/8/13
Racquet Club,1010,600011f2,760, $	735.00 ,10/8/13
Racquet Club,1011,600011f2,760, $	860.00 ,10/8/13
Racquet Club,1012,600011f2,760, $	665.00 ,10/8/13
Racquet Club,1013,600011f2,760, $	750.00 ,10/8/13
Racquet Club,1014,600011f2,760, $	655.00 ,10/8/13
Racquet Club,1015,600011f2,760, $	720.00 ,10/8/13
Racquet Club,1016,600011f2,760, $	665.00 ,10/8/13
Racquet Club,1017,600011f2,760, $	665.00 ,10/8/13
Racquet Club,1018,600011f2,760, $	660.00 ,10/8/13
Racquet Club,1101,600011f1,700, $	705.00 ,10/8/13
Racquet Club,1102,600011f1,700, $	620.00 ,10/8/13
Racquet Club,1103,600011f1,700, $	665.00 ,10/8/13
Racquet Club,1104,600011f1,700, $	905.00 ,10/8/13
Racquet Club,1105,600011f1,700, $	685.00 ,10/8/13
Racquet Club,1106,600011f1,700, $	720.00 ,10/8/13
Racquet Club,1107,600011f1,700, $	710.00 ,10/8/13
Racquet Club,1108,600011f1,700, $	730.00 ,10/8/13
Racquet Club,1109,600011f1,700, $	680.00 ,10/8/13
Racquet Club,1110,600011f1,700, $	665.00 ,10/8/13
Racquet Club,1111,600011f1,700, $	720.00 ,10/8/13
Racquet Club,1112,600011f1,700, $	690.00 ,10/8/13
Racquet Club,1113,600011f1,700, $	725.00 ,10/8/13
Racquet Club,1114,600011f1,700, $	625.00 ,10/8/13
Racquet Club,1115,600011f1,700, $	-00 ,10/8/13
Racquet Club,1116,600011f1,700, $	810.00 ,10/8/13
Racquet Club,1117,600011f1,700, $	640.00 ,10/8/13
Racquet Club,1118,600011f1,700, $	695.00 ,10/8/13
Racquet Club,1119,600011f1,700, $	675.00 ,10/8/13
Racquet Club,1120,600011f1,700, $	655.00 ,10/8/13
Racquet Club,1121,600011f1,700, $	690.00 ,10/8/13
Racquet Club,1122,600011f1,700, $	630.00 ,10/8/13
Racquet Club,1123,600011f1,700, $	700.00 ,10/8/13
Racquet Club,1124,600011f1,700, $	660.00 ,10/8/13
Racquet Club,1201,600021f1,1047, $	775.00 ,10/8/13
Racquet Club,1202,600021f1,1047, $	775.00 ,10/8/13
Racquet Club,1203,600021f1,1047, $	765.00 ,10/8/13
Racquet Club,1204,600021f1,1047, $	765.00 ,10/8/13
Racquet Club,1205,600021f1,1047, $	815.00 ,10/8/13
Racquet Club,1206,600021f1,1047, $	815.00 ,10/8/13
Racquet Club,1207,600021f1,1047, $	777.00 ,10/8/13
Racquet Club,1208,600021f1,1047, $	820.00 ,10/8/13
Racquet Club,1209,600021f1,1047, $	800.00 ,10/8/13
Racquet Club,1210,600021f1,1047, $	850.00 ,10/8/13
Racquet Club,1211,600021f1,1047, $	820.00 ,10/8/13
Racquet Club,1212,600021f1,1047, $	810.00 ,10/8/13
Racquet Club,1301,600011f1,700, $	615.00 ,10/8/13
Racquet Club,1302,600011f1,700, $	645.00 ,10/8/13
Racquet Club,1303,600011f1,700, $	760.00 ,10/8/13
Racquet Club,1304,600011f1,700, $	655.00 ,10/8/13
Racquet Club,1305,600011f1,700, $	835.00 ,10/8/13
Racquet Club,1306,600011f1,700, $	-00 ,10/8/13
Racquet Club,1307,600011f1,700, $	670.00 ,10/8/13
Racquet Club,1308,600011f1,700, $	640.00 ,10/8/13
Racquet Club,1309,600011f1,700, $	760.00 ,10/8/13
Racquet Club,1310,600011f1,700, $	705.00 ,10/8/13
Racquet Club,1311,600011f1,700, $	650.00 ,10/8/13
Racquet Club,1312,600011f1,700, $	670.00 ,10/8/13
Racquet Club,1313,600011f1,700, $	710.00 ,10/8/13
Racquet Club,1314,600011f1,700, $	890.00 ,10/8/13
Racquet Club,1315,600011f1,700, $	-00 ,10/8/13
Racquet Club,1316,600011f1,700, $	690.00 ,10/8/13
Racquet Club,1317,600011f1,700, $	660.00 ,10/8/13
Racquet Club,1318,600011f1,700, $	740.00 ,10/8/13
Racquet Club,1319,600011f1,700, $	885.00 ,10/8/13
Racquet Club,1320,600011f1,700, $	735.00 ,10/8/13
Racquet Club,1321,600011f1,700, $	675.00 ,10/8/13
Racquet Club,1322,600011f1,700, $	-00 ,10/8/13
Racquet Club,1323,600011f1,700, $	845.00 ,10/8/13
Racquet Club,1324,600011f1,700, $	635.00 ,10/8/13
Racquet Club,1401,600021f1,1047, $	800.00 ,10/8/13
Racquet Club,1402,600021f1,1047," $	1,080.00 ",10/8/13
Racquet Club,1403,600021f1,1047, $	850.00 ,10/8/13
Racquet Club,1404,600021f1,1047, $	-00 ,10/8/13
Racquet Club,1405,600021f1,1047, $	750.00 ,10/8/13
Racquet Club,1406,600021f1,1047, $	775.00 ,10/8/13
Racquet Club,1407,600021f1,1047, $	865.00 ,10/8/13
Racquet Club,1408,600021f1,1047, $	795.00 ,10/8/13
Racquet Club,1409,600021f1,1047, $	920.00 ,10/8/13
Racquet Club,1410,600021f1,1047, $	800.00 ,10/8/13
Racquet Club,1411,600021f1,1047, $	795.00 ,10/8/13
Racquet Club,1412,600021f1,1047, $	785.00 ,10/8/13
Racquet Club,1501,600011f2,760, $	695.00 ,10/8/13
Racquet Club,1502,600011f2,760, $	735.00 ,10/8/13
Racquet Club,1503,600011f2,760, $	-00 ,10/8/13
Racquet Club,1504,600011f2,760, $	765.00 ,10/8/13
Racquet Club,1505,600011f2,760, $	645.00 ,10/8/13
Racquet Club,1506,600011f2,760, $	745.00 ,10/8/13
Racquet Club,1507,600011f2,760, $	655.00 ,10/8/13
Racquet Club,1508,600011f2,760, $	720.00 ,10/8/13
Racquet Club,1509,600011f2,760, $	700.00 ,10/8/13
Racquet Club,1510,600011f2,760, $	700.00 ,10/8/13
Racquet Club,1511,600011f2,760, $	670.00 ,10/8/13
Racquet Club,1512,600011f2,760, $	690.00 ,10/8/13
Racquet Club,1601,600022f1,1027, $	835.00 ,10/8/13
Racquet Club,1602,600022f1,1027, $	795.00 ,10/8/13
Racquet Club,1603,600022f1,1027, $	760.00 ,10/8/13
Racquet Club,1604,600022f1,1027, $	820.00 ,10/8/13
Racquet Club,1605,600022f1,1027, $	855.00 ,10/8/13
Racquet Club,1606,600022f1,1027, $	820.00 ,10/8/13
Racquet Club,1607,600022f1,1027, $	825.00 ,10/8/13
Racquet Club,1608,600022f1,1027, $	835.00 ,10/8/13
Racquet Club,1609,600022f1,1027, $	785.00 ,10/8/13
Racquet Club,1610,600022f1,1027, $	865.00 ,10/8/13
Racquet Club,1611,600022f1,1027, $	875.00 ,10/8/13
Racquet Club,1612,600022f1,1027, $	920.00 ,10/8/13
Racquet Club,1613,600022f1,1027, $	800.00 ,10/8/13
Racquet Club,1614,600022f1,1027, $	770.00 ,10/8/13
Racquet Club,1615,600022f1,1027, $	790.00 ,10/8/13
Racquet Club,1616,600022f1,1027, $	845.00 ,10/8/13
Racquet Club,1617,600022f1,1027, $	745.00 ,10/8/13
Racquet Club,1618,600022f1,1027, $	-00 ,10/8/13
Racquet Club,1619,600022f1,1027, $	785.00 ,10/8/13
Racquet Club,1620,600022f1,1027, $	805.00 ,10/8/13
Racquet Club,1621,600022f1,1027, $	875.00 ,10/8/13
Racquet Club,1622,600022f1,1027, $	770.00 ,10/8/13
Racquet Club,1623,600022f1,1027, $	815.00 ,10/8/13
Racquet Club,1624,600022f1,1027, $	750.00 ,10/8/13
Racquet Club,1701,600021f1,1047, $	805.00 ,10/8/13
Racquet Club,1702,600021f1,1047, $	755.00 ,10/8/13
Racquet Club,1703,600021f1,1047, $	850.00 ,10/8/13
Racquet Club,1704,600021f1,1047, $	740.00 ,10/8/13
Racquet Club,1705,600021f1,1047, $	860.00 ,10/8/13
Racquet Club,1706,600021f1,1047, $	830.00 ,10/8/13
Racquet Club,1707,600021f1,1047, $	785.00 ,10/8/13
Racquet Club,1708,600021f1,1047, $	830.00 ,10/8/13
Racquet Club,1709,600021f1,1047, $	855.00 ,10/8/13
Racquet Club,1710,600021f1,1047, $	675.00 ,10/8/13
Racquet Club,1711,600021f1,1047, $	855.00 ,10/8/13
Racquet Club,1712,600021f1,1047, $	760.00 ,10/8/13
Racquet Club,1801,600011f2,760, $	725.00 ,10/8/13
Racquet Club,1802,600011f2,760, $	675.00 ,10/8/13
Racquet Club,1803,600011f2,760, $	700.00 ,10/8/13
Racquet Club,1804,600011f2,760, $	700.00 ,10/8/13
Racquet Club,1805,600011f2,760, $	675.00 ,10/8/13
Racquet Club,1806,600011f2,760, $	770.00 ,10/8/13
Racquet Club,1807,600011f2,760, $	675.00 ,10/8/13
Racquet Club,1808,600011f2,760, $	655.00 ,10/8/13
Racquet Club,1809,600011f2,760, $	705.00 ,10/8/13
Racquet Club,1810,600011f2,760, $	765.00 ,10/8/13
Racquet Club,1811,600011f2,760, $	745.00 ,10/8/13
Racquet Club,1812,600011f2,760, $	735.00 ,10/8/13
Racquet Club,1901,600021f1,1047, $	745.00 ,10/8/13
Racquet Club,1902,600021f1,1047, $	775.00 ,10/8/13
Racquet Club,1903,600021f1,1047, $	840.00 ,10/8/13
Racquet Club,1904,600021f1,1047, $	790.00 ,10/8/13
Racquet Club,1905,600021f1,1047, $	895.00 ,10/8/13
Racquet Club,1906,600021f1,1047, $	860.00 ,10/8/13
Racquet Club,1907,600021f1,1047, $	760.00 ,10/8/13
Racquet Club,1908,600021f1,1047, $	880.00 ,10/8/13
Racquet Club,1909,600021f1,1047, $	785.00 ,10/8/13
Racquet Club,1910,600021f1,1047, $	798.00 ,10/8/13
Racquet Club,1911,600021f1,1047, $	960.00 ,10/8/13
Racquet Club,1912,600021f1,1047, $	870.00 ,10/8/13
Racquet Club,2001,600011f1,700, $	600.00 ,10/8/13
Racquet Club,2002,600011f1,700, $	680.00 ,10/8/13
Racquet Club,2003,600011f1,700, $	670.00 ,10/8/13
Racquet Club,2004,600011f1,700, $	645.00 ,10/8/13
Racquet Club,2005,600011f1,700, $	735.00 ,10/8/13
Racquet Club,2006,600011f1,700, $	-00 ,10/8/13
Racquet Club,2007,600011f1,700, $	780.00 ,10/8/13
Racquet Club,2008,600011f1,700, $	655.00 ,10/8/13
Racquet Club,2009,600011f1,700, $	690.00 ,10/8/13
Racquet Club,2010,600011f1,700, $	710.00 ,10/8/13
Racquet Club,2011,600011f1,700, $	735.00 ,10/8/13
Racquet Club,2012,600011f1,700, $	685.00 ,10/8/13
Racquet Club,2013,600011f1,700, $	655.00 ,10/8/13
Racquet Club,2014,600011f1,700, $	745.00 ,10/8/13
Racquet Club,2015,600011f1,700, $	625.00 ,10/8/13
Racquet Club,2016,600011f1,700, $	950.00 ,10/8/13
Racquet Club,2017,600011f1,700, $	670.00 ,10/8/13
Racquet Club,2018,600011f1,700, $	650.00 ,10/8/13
Racquet Club,2019,600011f1,700, $	730.00 ,10/8/13
Racquet Club,2020,600011f1,700, $	760.00 ,10/8/13
Racquet Club,2021,600011f1,700, $	630.00 ,10/8/13
Racquet Club,2022,600011f1,700, $	635.00 ,10/8/13
Racquet Club,2023,600011f1,700, $	725.00 ,10/8/13
Racquet Club,2024,600011f1,700, $	740.00 ,10/8/13
Racquet Club,2101,600021f1,1047, $	830.00 ,10/8/13
Racquet Club,2102,600021f1,1047, $	757.00 ,10/8/13
Racquet Club,2103,600021f1,1047, $	845.00 ,10/8/13
Racquet Club,2104,600021f1,1047, $	790.00 ,10/8/13
Racquet Club,2105,600021f1,1047, $	830.00 ,10/8/13
Racquet Club,2106,600021f1,1047, $	865.00 ,10/8/13
Racquet Club,2107,600021f1,1047, $	800.00 ,10/8/13
Racquet Club,2108,600021f1,1047, $	-00 ,10/8/13
Racquet Club,2109,600021f1,1047, $	820.00 ,10/8/13
Racquet Club,2110,600021f1,1047, $	855.00 ,10/8/13
Racquet Club,2111,600021f1,1047, $	800.00 ,10/8/13
Racquet Club,2112,600021f1,1047, $	850.00 ,10/8/13
Racquet Club,2201,600022f1,1027, $	770.00 ,10/8/13
Racquet Club,2202,600022f1,1027, $	770.00 ,10/8/13
Racquet Club,2203,600022f1,1027, $	735.00 ,10/8/13
Racquet Club,2204,600022f1,1027, $	780.00 ,10/8/13
Racquet Club,2205,600022f1,1027, $	790.00 ,10/8/13
Racquet Club,2206,600022f1,1027, $	875.00 ,10/8/13
Racquet Club,2207,600022f1,1027, $	805.00 ,10/8/13
Racquet Club,2208,600022f1,1027, $	-00 ,10/8/13
Racquet Club,2209,600022f1,1027, $	780.00 ,10/8/13
Racquet Club,2210,600022f1,1027, $	693.00 ,10/8/13
Racquet Club,2211,600022f1,1027, $	910.00 ,10/8/13
Racquet Club,2212,600022f1,1027, $	890.00 ,10/8/13
Racquet Club,2213,600022f1,1027, $	765.00 ,10/8/13
Racquet Club,2214,600022f1,1027, $	770.00 ,10/8/13
Racquet Club,2215,600022f1,1027, $	812.00 ,10/8/13
Racquet Club,2216,600022f1,1027, $	820.00 ,10/8/13
Racquet Club,2217,600022f1,1027, $	830.00 ,10/8/13
Racquet Club,2218,600022f1,1027, $	845.00 ,10/8/13
Racquet Club,2219,600022f1,1027, $	855.00 ,10/8/13
Racquet Club,2220,600022f1,1027, $	805.00 ,10/8/13
Racquet Club,2221,600022f1,1027, $	880.00 ,10/8/13
Racquet Club,2222,600022f1,1027, $	-00 ,10/8/13
Racquet Club,2223,600022f1,1027, $	855.00 ,10/8/13
Racquet Club,2224,600022f1,1027, $	-00 ,10/8/13
Racquet Club,2301,600001s1,500, $	575.00 ,10/8/13
Racquet Club,2302,600001s1,500, $	610.00 ,10/8/13
Racquet Club,2303,600001s1,500, $	550.00 ,10/8/13
Racquet Club,2304,600001s1,500, $	570.00 ,10/8/13
Racquet Club,2305,600001s1,500, $	605.00 ,10/8/13
Racquet Club,2306,600001s1,500, $	555.00 ,10/8/13
Racquet Club,2307,600001s1,500, $	595.00 ,10/8/13
Racquet Club,2308,600001s1,500, $	-00 ,10/8/13
Racquet Club,2309,600001s1,500, $	605.00 ,10/8/13
Racquet Club,2310,600001s1,500, $	575.00 ,10/8/13
Racquet Club,2311,600001s1,500, $	575.00 ,10/8/13
Racquet Club,2312,600001s1,500, $	605.00 ,10/8/13
Racquet Club,2313,600001s1,500, $	560.00 ,10/8/13
Racquet Club,2314,600001s1,500, $	565.00 ,10/8/13
Racquet Club,2315,600001s1,500, $	600.00 ,10/8/13
Racquet Club,2316,600001s1,500, $	545.00 ,10/8/13
Racquet Club,2317,600001s1,500, $	570.00 ,10/8/13
Racquet Club,2318,600001s1,500, $	560.00 ,10/8/13
Racquet Club,2319,600001s1,500, $	640.00 ,10/8/13
Racquet Club,2320,600001s1,500, $	605.00 ,10/8/13
Racquet Club,2321,600001s1,500, $	545.00 ,10/8/13
Racquet Club,2322,600001s1,500, $	610.00 ,10/8/13
Racquet Club,2323,600001s1,500, $	670.00 ,10/8/13
Racquet Club,2324,600001s1,500, $	750.00 ,10/8/13
Racquet Club,2325,600001s1,500, $	600.00 ,10/8/13
Racquet Club,2326,600001s1,500, $	595.00 ,10/8/13
Racquet Club,2327,600001s1,500, $	600.00 ,10/8/13
Racquet Club,2328,600001s1,500, $	535.00 ,10/8/13
Racquet Club,2329,600001s1,500, $	650.00 ,10/8/13
Racquet Club,2330,600001s1,500, $	575.00 ,10/8/13
Racquet Club,2401,600011f2,760, $	655.00 ,10/8/13
Racquet Club,2402,600011f2,760, $	715.00 ,10/8/13
Racquet Club,2403,600011f2,760, $	795.00 ,10/8/13
Racquet Club,2404,600011f2,760, $	740.00 ,10/8/13
Racquet Club,2405,600011f2,760, $	775.00 ,10/8/13
Racquet Club,2406,600011f2,760, $	785.00 ,10/8/13
Racquet Club,2407,600011f2,760, $	650.00 ,10/8/13
Racquet Club,2408,600011f2,760, $	645.00 ,10/8/13
Racquet Club,2409,600011f2,760, $	745.00 ,10/8/13
Racquet Club,2410,600011f2,760, $	675.00 ,10/8/13
Racquet Club,2411,600011f2,760, $	700.00 ,10/8/13
Racquet Club,2412,600011f2,760, $	720.00 ,10/8/13
Racquet Club,2501,600022f1,1027, $	965.00 ,10/8/13
Racquet Club,2502,600022f1,1027, $	795.00 ,10/8/13
Racquet Club,2503,600022f1,1027, $	-00 ,10/8/13
Racquet Club,2504,600022f1,1027, $	790.00 ,10/8/13
Racquet Club,2505,600022f1,1027, $	805.00 ,10/8/13
Racquet Club,2506,600022f1,1027, $	830.00 ,10/8/13
Racquet Club,2507,600022f1,1027, $	850.00 ,10/8/13
Racquet Club,2508,600022f1,1027, $	760.00 ,10/8/13
Racquet Club,2509,600022f1,1027, $	815.00 ,10/8/13
Racquet Club,2510,600022f1,1027, $	850.00 ,10/8/13
Racquet Club,2511,600022f1,1027, $	780.00 ,10/8/13
Racquet Club,2512,600022f1,1027, $	805.00 ,10/8/13
Racquet Club,2513,600022f1,1027, $	820.00 ,10/8/13
Racquet Club,2514,600022f1,1027, $	805.00 ,10/8/13
Racquet Club,2515,600022f1,1027, $	770.00 ,10/8/13
Racquet Club,2516,600022f1,1027, $	850.00 ,10/8/13
Racquet Club,2517,600022f1,1027, $	805.00 ,10/8/13
Racquet Club,2518,600022f1,1027, $	755.00 ,10/8/13
Racquet Club,2519,600022f1,1027, $	900.00 ,10/8/13
Racquet Club,2520,600022f1,1027, $	770.00 ,10/8/13
Racquet Club,2521,600022f1,1027, $	840.00 ,10/8/13
Racquet Club,2522,600022f1,1027, $	880.00 ,10/8/13
Racquet Club,2523,600022f1,1027, $	880.00 ,10/8/13
Racquet Club,2524,600022f1,1027, $	850.00 ,10/8/13
Bayridge,101,B3,1136," $	1,224.00 ",12/23/13
Bayridge,102,B1,1005," $	1,110.00 ",12/23/13
Bayridge,103,B1,1005, $	929.00 ,12/23/13
Bayridge,104,B3,1136," $	1,054.00 ",12/23/13
Bayridge,105,B3,1136," $	1,080.00 ",12/23/13
Bayridge,106,B1,1005, $	910.00 ,12/23/13
Bayridge,107,B1,1005, $	955.00 ,12/23/13
Bayridge,108,B3,1136," $	1,070.00 ",12/23/13
Bayridge,109,B3,1136,,12/23/13
Bayridge,110,B1,1005,,12/23/13
Bayridge,111,B1,1005," $	1,160.00 ",12/23/13
Bayridge,112,B3,1136," $	1,099.00 ",12/23/13
Bayridge,113,B3,1136, $	989.00 ,12/23/13
Bayridge,114,B1,1005, $	935.00 ,12/23/13
Bayridge,115,B1,1005," $	1,160.00 ",12/23/13
Bayridge,116,B3,1136," $	1,099.00 ",12/23/13
Bayridge,117,B3,1136," $	1,059.00 ",12/23/13
Bayridge,118,B1,1005,,12/23/13
Bayridge,119,B1,1005,,12/23/13
Bayridge,120,B3,1136," $	1,099.00 ",12/23/13
Bayridge,121,B2,1073,,12/23/13
Bayridge,122,B1,1005, $	945.00 ,12/23/13
Bayridge,123,B1,1005, $	955.00 ,12/23/13
Bayridge,124,B3,1136,,12/23/13
Bayridge,201,C1,1192," $	1,235.00 ",12/23/13
Bayridge,202,A1,763,,12/23/13
Bayridge,203,B2,1073," $	1,059.00 ",12/23/13
Bayridge,204,B2,1073, $	999.00 ,12/23/13
Bayridge,205,A1,763, $	799.00 ,12/23/13
Bayridge,206,C1,1192," $	1,225.00 ",12/23/13
Bayridge,207,C1,1192,,12/23/13
Bayridge,208,A1,763, $	799.00 ,12/23/13
Bayridge,209,B2,1073, $	955.00 ,12/23/13
Bayridge,210,B2,1073," $	1,009.00 ",12/23/13
Bayridge,211,A1,763, $	940.00 ,12/23/13
Bayridge,212,C1,1192," $	1,194.00 ",12/23/13
Bayridge,213,C1,1192," $	1,265.00 ",12/23/13
Bayridge,214,A1,763, $	819.00 ,12/23/13
Bayridge,215,B2,1073," $	1,009.00 ",12/23/13
Bayridge,216,B2,1073,,12/23/13
Bayridge,217,A1,763, $	815.00 ,12/23/13
Bayridge,218,C1,1192," $	1,100.00 ",12/23/13
Bayridge,219,C1,1192," $	1,290.00 ",12/23/13
Bayridge,220,A1,763, $	761.00 ,12/23/13
Bayridge,221,B2,1073," $	1,134.00 ",12/23/13
Bayridge,222,B2,1073, $	974.00 ,12/23/13
Bayridge,223,A1,763, $	875.00 ,12/23/13
Bayridge,224,C1,1192," $	1,265.00 ",12/23/13
Bayridge,225,C1,1192," $	1,239.00 ",12/23/13
Bayridge,226,A1,763, $	759.00 ,12/23/13
Bayridge,227,B2,1073," $	1,024.00 ",12/23/13
Bayridge,228,B2,1073," $	1,009.00 ",12/23/13
Bayridge,229,A1,763, $	810.00 ,12/23/13
Bayridge,230,C1,1192," $	1,069.00 ",12/23/13
Bayridge,231,C1,1192," $	1,265.00 ",12/23/13
Bayridge,232,A1,763, $	799.00 ,12/23/13
Bayridge,233,B2,1073,,12/23/13
Bayridge,234,B2,1073," $	1,009.00 ",12/23/13
Bayridge,235,A1,763, $	815.00 ,12/23/13
Bayridge,236,C1,1192," $	1,149.00 ",12/23/13
Bayridge,301,C1,1192," $	1,099.00 ",12/23/13
Bayridge,302,A1,763," $	1,015.00 ",12/23/13
Bayridge,303,B2,1073, $	999.00 ,12/23/13
Bayridge,304,B1,1005, $	899.00 ,12/23/13
Bayridge,305,B1,1005, $	955.00 ,12/23/13
Bayridge,306,A1,763, $	815.00 ,12/23/13
Bayridge,307,B3,1136," $	1,010.00 ",12/23/13
Bayridge,308,B3,1136, $	989.00 ,12/23/13
Bayridge,309,A1,763, $	799.00 ,12/23/13
Bayridge,310,B1,1005, $	970.00 ,12/23/13
Bayridge,311,B1,1005, $	945.00 ,12/23/13
Bayridge,312,B2,1073," $	1,150.00 ",12/23/13
Bayridge,313,A1,763, $	799.00 ,12/23/13
Bayridge,314,B3,1136," $	1,039.00 ",12/23/13
Bayridge,315,B3,1136," $	1,079.00 ",12/23/13
Bayridge,316,A1,763, $	815.00 ,12/23/13
Bayridge,317,B2,1073," $	1,034.00 ",12/23/13
Bayridge,318,B1,1005, $	920.00 ,12/23/13
Bayridge,319,B1,1005, $	955.00 ,12/23/13
Bayridge,320,A1,763, $	815.00 ,12/23/13
Bayridge,321,B3,1136," $	1,099.00 ",12/23/13
Bayridge,322,B3,1136," $	1,004.00 ",12/23/13
Bayridge,323,A1,763, $	764.00 ,12/23/13
Bayridge,324,B1,1005, $	900.00 ,12/23/13
Bayridge,325,B1,1005, $	879.00 ,12/23/13
Bayridge,326,B2,1073, $	999.00 ,12/23/13
Bayridge,327,A1,763, $	769.00 ,12/23/13
Bayridge,328,B3,1136," $	1,049.00 ",12/23/13
Bayridge,329,B3,1136,,12/23/13
Bayridge,330,A1,763, $	824.00 ,12/23/13
Bayridge,331,B2,1073," $	1,039.00 ",12/23/13
Bayridge,332,B1,1005, $	955.00 ,12/23/13
Bayridge,333,B1,1005, $	930.00 ,12/23/13
Bayridge,334,A1,763, $	779.00 ,12/23/13
Bayridge,335,B3,1136," $	1,005.00 ",12/23/13
Bayridge,336,B3,1136," $	1,099.00 ",12/23/13
Bayridge,337,A1,763, $	759.00 ,12/23/13
Bayridge,338,B1,1005, $	975.00 ,12/23/13
Bayridge,339,B1,1005, $	980.00 ,12/23/13
Bayridge,340,B2,1073," $	1,009.00 ",12/23/13
Bayridge,341,A1,763, $	815.00 ,12/23/13
Bayridge,342,B3,1136,,12/23/13
Bayridge,401,B3,1136," $	1,039.00 ",12/23/13
Bayridge,402,A1,763, $	769.00 ,12/23/13
Bayridge,403,B1,1005, $	950.00 ,12/23/13
Bayridge,404,B1,1005," $	1,160.00 ",12/23/13
Bayridge,405,B2,1073, $	999.00 ,12/23/13
Bayridge,406,A1,763, $	799.00 ,12/23/13
Bayridge,407,B3,1136, $	990.00 ,12/23/13
Bayridge,408,B3,1136,,12/23/13
Bayridge,409,A1,763, $	759.00 ,12/23/13
Bayridge,410,B2,1073," $	1,009.00 ",12/23/13
Bayridge,411,B1,1005," $	1,025.00 ",12/23/13
Bayridge,412,B1,1005," $	1,027.00 ",12/23/13
Bayridge,413,A1,763, $	815.00 ,12/23/13
Bayridge,414,B3,1136," $	1,020.00 ",12/23/13
Bayridge,415,B3,1136,,12/23/13
Bayridge,416,A1,763,,12/23/13
Bayridge,417,B1,1005,,12/23/13
Bayridge,418,B1,1005, $	929.00 ,12/23/13
Bayridge,419,B2,1073, $	959.00 ,12/23/13
Bayridge,420,A1,763, $	834.00 ,12/23/13
Bayridge,421,B3,1136,,12/23/13
Bayridge,422,B3,1136," $	1,024.00 ",12/23/13
Bayridge,423,A1,763, $	815.00 ,12/23/13
Bayridge,424,B2,1073," $	1,059.00 ",12/23/13
Bayridge,425,B1,1005, $	890.00 ,12/23/13
Bayridge,426,B1,1005, $	955.00 ,12/23/13
Bayridge,427,A1,763, $	794.00 ,12/23/13
Bayridge,428,B3,1136," $	1,014.00 ",12/23/13
Bayridge,429,B3,1136,,12/23/13
Bayridge,430,A1,763, $	769.00 ,12/23/13
Bayridge,431,B1,1005, $	940.00 ,12/23/13
Bayridge,432,B1,1005, $	955.00 ,12/23/13
Bayridge,433,B2,1073," $	1,200.00 ",12/23/13
Bayridge,434,A1,763, $	769.00 ,12/23/13
Bayridge,435,B3,1136," $	1,099.00 ",12/23/13
Bayridge,436,B3,1136," $	1,070.00 ",12/23/13
Bayridge,437,A1,763, $	799.00 ,12/23/13
Bayridge,438,B2,1073," $	1,009.00 ",12/23/13
Bayridge,439,B1,1005, $	935.00 ,12/23/13
Bayridge,440,B1,1005, $	985.00 ,12/23/13
Bayridge,441,A1,763, $	849.00 ,12/23/13
Bayridge,442,B3,1136,,12/23/13
Bayridge,501,C1,1192," $	1,089.00 ",12/23/13
Bayridge,502,A1,763,,12/23/13
Bayridge,503,B2,1073,,12/23/13
Bayridge,504,B2,1073," $	1,024.00 ",12/23/13
Bayridge,505,A1,763, $	769.00 ,12/23/13
Bayridge,506,C1,1192,,12/23/13
Bayridge,507,C1,1192," $	1,245.00 ",12/23/13
Bayridge,508,A1,763, $	799.00 ,12/23/13
Bayridge,509,B2,1073," $	1,039.00 ",12/23/13
Bayridge,510,B2,1073," $	1,025.00 ",12/23/13
Bayridge,511,A1,763, $	815.00 ,12/23/13
Bayridge,512,C1,1192," $	1,255.00 ",12/23/13
Bayridge,513,C1,1192," $	1,215.00 ",12/23/13
Bayridge,514,A1,763, $	815.00 ,12/23/13
Bayridge,515,B2,1073," $	1,009.00 ",12/23/13
Bayridge,516,B2,1073," $	1,109.00 ",12/23/13
Bayridge,517,A1,763, $	769.00 ,12/23/13
Bayridge,518,C1,1192," $	1,215.00 ",12/23/13
Bayridge,519,C1,1192," $	1,265.00 ",12/23/13
Bayridge,520,A1,763, $	799.00 ,12/23/13
Bayridge,521,B2,1073," $	1,009.00 ",12/23/13
Bayridge,522,B2,1073, $	925.00 ,12/23/13
Bayridge,523,A1,763, $	789.00 ,12/23/13
Bayridge,524,C1,1192,,12/23/13
Bayridge,525,C1,1192," $	1,265.00 ",12/23/13
Bayridge,526,A1,763, $	759.00 ,12/23/13
Bayridge,527,B2,1073,,12/23/13
Bayridge,528,B2,1073," $	1,009.00 ",12/23/13
Bayridge,529,A1,763, $	799.00 ,12/23/13
Bayridge,530,C1,1192," $	1,080.00 ",12/23/13
Bayridge,531,C1,1192,,12/23/13
Bayridge,532,A1,763, $	800.00 ,12/23/13
Bayridge,533,B2,1073," $	1,009.00 ",12/23/13
Bayridge,534,B2,1073,,12/23/13
Bayridge,535,A1,763, $	815.00 ,12/23/13
Bayridge,536,C1,1192,,12/23/13
Bayridge,601,B3,1136," $	1,049.00 ",12/23/13
Bayridge,602,A1,763, $	815.00 ,12/23/13
Bayridge,603,B1,1005, $	878.00 ,12/23/13
Bayridge,604,B1,1005, $	865.00 ,12/23/13
Bayridge,605,B2,1073, $	965.00 ,12/23/13
Bayridge,606,A1,763, $	799.00 ,12/23/13
Bayridge,607,B3,1136," $	1,029.00 ",12/23/13
Bayridge,608,B3,1136," $	1,115.00 ",12/23/13
Bayridge,609,A1,763, $	799.00 ,12/23/13
Bayridge,610,B2,1073," $	1,200.00 ",12/23/13
Bayridge,611,B1,1005, $	915.00 ,12/23/13
Bayridge,612,B1,1005, $	949.00 ,12/23/13
Bayridge,613,A1,763, $	779.00 ,12/23/13
Bayridge,614,B3,1136," $	1,099.00 ",12/23/13
Bayridge,615,B3,1136," $	1,069.00 ",12/23/13
Bayridge,616,A1,763, $	789.00 ,12/23/13
Bayridge,617,B1,1005, $	955.00 ,12/23/13
Bayridge,618,B1,1005, $	929.00 ,12/23/13
Bayridge,619,B2,1073," $	1,000.00 ",12/23/13
Bayridge,620,A1,763, $	799.00 ,12/23/13
Bayridge,621,B3,1136, $	999.00 ,12/23/13
Bayridge,622,B3,1136," $	1,040.00 ",12/23/13
Bayridge,623,A1,763," $	1,015.00 ",12/23/13
Bayridge,624,B2,1073, $	999.00 ,12/23/13
Bayridge,625,B1,1005, $	955.00 ,12/23/13
Bayridge,626,B1,1005, $	899.00 ,12/23/13
Bayridge,627,A1,763, $	815.00 ,12/23/13
Bayridge,628,B3,1136," $	1,039.00 ",12/23/13
Bayridge,629,B3,1136," $	1,059.00 ",12/23/13
Bayridge,630,A1,763, $	759.00 ,12/23/13
Bayridge,631,A1,763,,12/23/13
Bayridge,632,B1,1005, $	945.00 ,12/23/13
Bayridge,633,B2,1073," $	1,049.00 ",12/23/13
Bayridge,634,A1,763, $	899.00 ,12/23/13
Bayridge,635,A1,763, $	759.00 ,12/23/13
Bayridge,635,A1,763, $	769.00 ,12/23/13
Bayridge,635,B1,1005, $	949.00 ,12/23/13
Bayridge,635,B2,1073, $	949.00 ,12/23/13
Bayridge,635,B1,1005, $	975.00 ,12/23/13
Bayridge,635,B3,1136," $	1,105.00 ",12/23/13
Bayridge,635,B3,1136,,12/23/13
Bayridge,635,B3,1136,,12/23/13
District at the Summit,2308,1084,1084, $	-00 ,11/11/13
District at the Summit,1040,1084,1084, $	-00 ,11/11/13
District at the Summit,2518,761,761, $	-00 ,11/11/13
District at the Summit,1924,761,761, $	-00 ,11/11/13
District at the Summit,3002,761,761, $	-00 ,11/11/13
District at the Summit,1918,761,761, $	-00 ,11/11/13
District at the Summit,2102,761,761, $	-00 ,11/11/13
District at the Summit,2618,1084,1084, $	-00 ,11/11/13
District at the Summit,432,761,761, $	-00 ,11/11/13
District at the Summit,828,761,761, $	-00 ,11/11/13
District at the Summit,1742,1084,1084, $	-00 ,11/11/13
District at the Summit,1302,761,761, $	-00 ,11/11/13
District at the Summit,1208,1084,1084, $	-00 ,11/11/13
District at the Summit,1230,1084,1084, $	-00 ,11/11/13
District at the Summit,520,1084,1084, $	-00 ,11/11/13
District at the Summit,214,761,761, $	-00 ,11/11/13
District at the Summit,2440,761,761, $	-00 ,11/11/13
District at the Summit,2910,761,761, $	-00 ,11/11/13
District at the Summit,408,1084,1084, $	-00 ,11/11/13
District at the Summit,2128,761,761, $	-00 ,11/11/13
District at the Summit,1934,1084,1084, $	-00 ,11/11/13
District at the Summit,2202,761,761, $	-00 ,11/11/13
District at the Summit,2122,761,761, $	-00 ,11/11/13
District at the Summit,3020,1084,1084, $	-00 ,11/11/13
District at the Summit,442,1084,1084, $	-00 ,11/11/13
District at the Summit,1938,1084,1084, $	-00 ,11/11/13
District at the Summit,1232,761,761, $	-00 ,11/11/13
District at the Summit,1736,761,761, $	-00 ,11/11/13
District at the Summit,1344,761,761, $	-00 ,11/11/13
District at the Summit,1738,1084,1084, $	-00 ,11/11/13
District at the Summit,2426,1084,1084, $	-00 ,11/11/13
District at the Summit,1900,1084,1084, $	-00 ,11/11/13
District at the Summit,826,1084,1084, $	-00 ,11/11/13
District at the Summit,1340,761,761, $	-00 ,11/11/13
District at the Summit,726,1292,1292, $	-00 ,11/11/13
District at the Summit,3036,761,761, $	-00 ,11/11/13
District at the Summit,934,1292,1292, $	-00 ,11/11/13
District at the Summit,2938,1084,1084, $	815.00 ,11/11/13
District at the Summit,936,1084,1084," $	1,010.00 ",11/11/13
District at the Summit,2016,1084,1084, $	652.00 ,11/11/13
District at the Summit,3008,1084,1084, $	691.00 ,11/11/13
District at the Summit,2802,761,761, $	826.00 ,11/11/13
District at the Summit,1018,1084,1084, $	654.00 ,11/11/13
District at the Summit,2732,1084,1084, $	828.00 ,11/11/13
District at the Summit,206,761,761, $	761.00 ,11/11/13
District at the Summit,1236,761,761, $	733.00 ,11/11/13
District at the Summit,1138,1292,1292," $	1,047.00 ",11/11/13
District at the Summit,900,1292,1292, $	654.00 ,11/11/13
District at the Summit,1908,1084,1084, $	725.00 ,11/11/13
District at the Summit,2604,1292,1292, $	866.00 ,11/11/13
District at the Summit,2216,1084,1084, $	654.00 ,11/11/13
District at the Summit,1518,761,761, $	742.00 ,11/11/13
District at the Summit,2740,1084,1084, $	675.00 ,11/11/13
District at the Summit,2800,1084,1084, $	754.00 ,11/11/13
District at the Summit,1608,1084,1084, $	739.00 ,11/11/13
District at the Summit,2422,761,761, $	813.00 ,11/11/13
District at the Summit,518,761,761, $	848.00 ,11/11/13
District at the Summit,3030,1084,1084, $	729.00 ,11/11/13
District at the Summit,1030,1292,1292," $	1,177.00 ",11/11/13
District at the Summit,2522,761,761," $	1,427.00 ",11/11/13
District at the Summit,1510,761,761, $	763.00 ,11/11/13
District at the Summit,1936,761,761, $	706.00 ,11/11/13
District at the Summit,2126,1084,1084, $	837.00 ,11/11/13
District at the Summit,2944,761,761, $	654.00 ,11/11/13
District at the Summit,516,1084,1084, $	644.00 ,11/11/13
District at the Summit,1334,1084,1084, $	761.00 ,11/11/13
District at the Summit,1116,1292,1292, $	690.00 ,11/11/13
District at the Summit,302,761,761, $	845.00 ,11/11/13
District at the Summit,1220,761,761, $	955.00 ,11/11/13
District at the Summit,2036,761,761, $	699.00 ,11/11/13
District at the Summit,2244,761,761, $	734.00 ,11/11/13
District at the Summit,1814,761,761, $	877.00 ,11/11/13
District at the Summit,1828,761,761, $	837.00 ,11/11/13
District at the Summit,2344,761,761, $	702.00 ,11/11/13
District at the Summit,226,1084,1084, $	832.00 ,11/11/13
District at the Summit,200,1084,1084, $	745.00 ,11/11/13
District at the Summit,430,1084,1084, $	802.00 ,11/11/13
District at the Summit,420,1084,1084, $	825.00 ,11/11/13
District at the Summit,940,1084,1084, $	906.00 ,11/11/13
District at the Summit,1010,1084,1084, $	802.00 ,11/11/13
District at the Summit,1928,761,761, $	904.00 ,11/11/13
District at the Summit,1332,761,761, $	738.00 ,11/11/13
District at the Summit,3042,1084,1084, $	930.00 ,11/11/13
District at the Summit,2600,1292,1292, $	688.00 ,11/11/13
District at the Summit,522,761,761, $	829.00 ,11/11/13
District at the Summit,446,1084,1084, $	651.00 ,11/11/13
District at the Summit,2002,761,761, $	750.00 ,11/11/13
District at the Summit,2536,761,761," $	1,143.00 ",11/11/13
District at the Summit,2234,1084,1084, $	690.00 ,11/11/13
District at the Summit,2700,1292,1292, $	661.00 ,11/11/13
District at the Summit,2304,1084,1084, $	985.00 ,11/11/13
District at the Summit,2144,761,761, $	707.00 ,11/11/13
District at the Summit,528,761,761, $	721.00 ,11/11/13
District at the Summit,810,761,761, $	830.00 ,11/11/13
District at the Summit,1028,1084,1084, $	715.00 ,11/11/13
District at the Summit,1638,1084,1084, $	726.00 ,11/11/13
District at the Summit,2340,761,761, $	872.00 ,11/11/13
District at the Summit,1216,1084,1084, $	955.00 ,11/11/13
District at the Summit,1238,1084,1084, $	828.00 ,11/11/13
District at the Summit,1306,761,761," $	1,075.00 ",11/11/13
District at the Summit,1806,761,761, $	963.00 ,11/11/13
District at the Summit,416,1084,1084, $	845.00 ,11/11/13
District at the Summit,438,1084,1084," $	1,044.00 ",11/11/13
District at the Summit,2146,1084,1084, $	834.00 ,11/11/13
District at the Summit,610,761,761, $	607.00 ,11/11/13
District at the Summit,3010,761,761, $	702.00 ,11/11/13
District at the Summit,2038,1084,1084, $	786.00 ,11/11/13
District at the Summit,1930,1084,1084, $	981.00 ,11/11/13
District at the Summit,1622,1084,1084, $	677.00 ,11/11/13
District at the Summit,1730,1084,1084, $	745.00 ,11/11/13
District at the Summit,2734,1292,1292, $	900.00 ,11/11/13
District at the Summit,2712,1292,1292, $	919.00 ,11/11/13
District at the Summit,1308,1084,1084, $	737.00 ,11/11/13
District at the Summit,2316,1084,1084, $	720.00 ,11/11/13
District at the Summit,2240,761,761, $	704.00 ,11/11/13
District at the Summit,2310,761,761, $	992.00 ,11/11/13
District at the Summit,308,1084,1084, $	923.00 ,11/11/13
District at the Summit,608,1084,1084, $	888.00 ,11/11/13
District at the Summit,628,761,761, $	810.00 ,11/11/13
District at the Summit,1722,761,761, $	861.00 ,11/11/13
District at the Summit,906,1084,1084, $	837.00 ,11/11/13
District at the Summit,2636,1084,1084, $	770.00 ,11/11/13
District at the Summit,306,761,761, $	789.00 ,11/11/13
District at the Summit,1310,761,761, $	981.00 ,11/11/13
District at the Summit,2520,1084,1084, $	905.00 ,11/11/13
District at the Summit,2140,761,761, $	920.00 ,11/11/13
District at the Summit,1202,761,761, $	889.00 ,11/11/13
District at the Summit,540,761,761, $	861.00 ,11/11/13
District at the Summit,1626,1084,1084, $	773.00 ,11/11/13
District at the Summit,2530,1084,1084, $	988.00 ,11/11/13
District at the Summit,2930,1084,1084, $	920.00 ,11/11/13
District at the Summit,2238,1084,1084, $	837.00 ,11/11/13
District at the Summit,706,1084,1084, $	887.00 ,11/11/13
District at the Summit,2628,1084,1084," $	1,004.00 ",11/11/13
District at the Summit,1106,1084,1084, $	849.00 ,11/11/13
District at the Summit,1514,761,761, $	828.00 ,11/11/13
District at the Summit,1424,761,761, $	917.00 ,11/11/13
District at the Summit,1840,761,761, $	805.00 ,11/11/13
District at the Summit,426,1084,1084, $	825.00 ,11/11/13
District at the Summit,2206,761,761, $	871.00 ,11/11/13
District at the Summit,1536,761,761, $	722.00 ,11/11/13
District at the Summit,1024,1084,1084, $	672.00 ,11/11/13
District at the Summit,2632,1084,1084, $	699.00 ,11/11/13
District at the Summit,2112,1084,1084, $	918.00 ,11/11/13
District at the Summit,216,1084,1084, $	725.00 ,11/11/13
District at the Summit,1700,1084,1084, $	888.00 ,11/11/13
District at the Summit,2928,761,761, $	725.00 ,11/11/13
District at the Summit,2500,1084,1084, $	958.00 ,11/11/13
District at the Summit,1532,761,761, $	754.00 ,11/11/13
District at the Summit,334,1084,1084, $	831.00 ,11/11/13
District at the Summit,2024,761,761, $	798.00 ,11/11/13
District at the Summit,2908,1084,1084, $	693.00 ,11/11/13
District at the Summit,1134,1292,1292," $	1,013.00 ",11/11/13
District at the Summit,2612,1292,1292, $	856.00 ,11/11/13
District at the Summit,816,1084,1084, $	904.00 ,11/11/13
District at the Summit,2812,1084,1084, $	897.00 ,11/11/13
District at the Summit,2808,1084,1084, $	989.00 ,11/11/13
District at the Summit,1704,1084,1084, $	715.00 ,11/11/13
District at the Summit,2508,1084,1084, $	968.00 ,11/11/13
District at the Summit,434,1084,1084, $	745.00 ,11/11/13
District at the Summit,2916,1084,1084, $	803.00 ,11/11/13
District at the Summit,1906,761,761, $	966.00 ,11/11/13
District at the Summit,410,761,761, $	804.00 ,11/11/13
District at the Summit,1810,761,761, $	741.00 ,11/11/13
District at the Summit,1606,761,761, $	749.00 ,11/11/13
District at the Summit,1128,1084,1084, $	785.00 ,11/11/13
District at the Summit,1036,1084,1084, $	734.00 ,11/11/13
District at the Summit,2242,1084,1084, $	731.00 ,11/11/13
District at the Summit,418,761,761, $	729.55 ,11/11/13
District at the Summit,730,1292,1292, $	834.00 ,11/11/13
District at the Summit,3040,761,761, $	726.67 ,11/11/13
District at the Summit,2638,1292,1292, $	843.99 ,11/11/13
District at the Summit,2610,1084,1084, $	823.00 ,11/11/13
District at the Summit,2228,761,761, $	754.00 ,11/11/13
District at the Summit,1034,1292,1292, $	774.00 ,11/11/13
District at the Summit,3044,761,761, $	847.00 ,11/11/13
District at the Summit,2420,1084,1084, $	921.00 ,11/11/13
District at the Summit,1710,761,761, $	642.00 ,11/11/13
District at the Summit,1526,1084,1084, $	815.00 ,11/11/13
District at the Summit,724,1084,1084, $	845.00 ,11/11/13
District at the Summit,322,1084,1084, $	833.00 ,11/11/13
District at the Summit,1104,1292,1292, $	788.00 ,11/11/13
District at the Summit,638,1084,1084, $	696.00 ,11/11/13
District at the Summit,630,1084,1084, $	967.00 ,11/11/13
District at the Summit,300,1084,1084, $	945.00 ,11/11/13
District at the Summit,1002,1084,1084," $	1,004.00 ",11/11/13
District at the Summit,1420,1084,1084, $	856.00 ,11/11/13
District at the Summit,514,761,761, $	690.00 ,11/11/13
District at the Summit,1014,1084,1084, $	836.00 ,11/11/13
District at the Summit,2528,761,761, $	733.00 ,11/11/13
District at the Summit,2404,1084,1084, $	823.00 ,11/11/13
District at the Summit,830,1084,1084, $	733.00 ,11/11/13
District at the Summit,1632,761,761, $	714.00 ,11/11/13
District at the Summit,1836,761,761, $	789.00 ,11/11/13
District at the Summit,1912,1084,1084, $	769.00 ,11/11/13
District at the Summit,2410,761,761, $	766.00 ,11/11/13
District at the Summit,902,1084,1084, $	705.00 ,11/11/13
District at the Summit,234,1084,1084, $	813.00 ,11/11/13
District at the Summit,834,1084,1084, $	798.00 ,11/11/13
District at the Summit,2730,1292,1292, $	885.00 ,11/11/13
District at the Summit,2236,761,761, $	992.00 ,11/11/13
District at the Summit,1004,1292,1292, $	668.00 ,11/11/13
District at the Summit,1430,1084,1084, $	706.00 ,11/11/13
District at the Summit,2826,1084,1084, $	690.00 ,11/11/13
District at the Summit,534,1084,1084, $	806.00 ,11/11/13
District at the Summit,2218,761,761, $	810.00 ,11/11/13
District at the Summit,802,761,761, $	641.00 ,11/11/13
District at the Summit,1538,1084,1084, $	706.00 ,11/11/13
District at the Summit,1044,1084,1084, $	847.00 ,11/11/13
District at the Summit,2926,1084,1084, $	987.00 ,11/11/13
District at the Summit,2932,761,761, $	654.00 ,11/11/13
District at the Summit,318,761,761, $	793.00 ,11/11/13
District at the Summit,2120,1084,1084, $	789.00 ,11/11/13
District at the Summit,1712,1084,1084, $	771.00 ,11/11/13
District at the Summit,616,1084,1084, $	631.00 ,11/11/13
District at the Summit,1008,1292,1292, $	793.00 ,11/11/13
District at the Summit,618,761,761, $	639.00 ,11/11/13
District at the Summit,814,761,761, $	793.00 ,11/11/13
District at the Summit,1618,761,761, $	796.00 ,11/11/13
District at the Summit,1320,1084,1084, $	756.00 ,11/11/13
District at the Summit,2904,1084,1084, $	653.00 ,11/11/13
District at the Summit,2542,1084,1084, $	669.00 ,11/11/13
District at the Summit,1726,1084,1084, $	714.00 ,11/11/13
District at the Summit,2026,1084,1084, $	721.00 ,11/11/13
District at the Summit,2110,761,761," $	1,005.00 ",11/11/13
District at the Summit,838,1084,1084, $	674.00 ,11/11/13
District at the Summit,220,761,761, $	853.00 ,11/11/13
District at the Summit,2028,761,761, $	607.00 ,11/11/13
District at the Summit,402,761,761, $	758.00 ,11/11/13
District at the Summit,504,1084,1084, $	735.00 ,11/11/13
District at the Summit,2502,761,761, $	816.00 ,11/11/13
District at the Summit,424,761,761, $	780.00 ,11/11/13
District at the Summit,1500,1084,1084, $	757.00 ,11/11/13
District at the Summit,1406,761,761, $	836.00 ,11/11/13
District at the Summit,2104,1084,1084, $	727.00 ,11/11/13
District at the Summit,1520,761,761, $	620.00 ,11/11/13
District at the Summit,2330,1084,1084, $	704.00 ,11/11/13
District at the Summit,2314,761,761, $	780.00 ,11/11/13
District at the Summit,3012,1084,1084, $	823.00 ,11/11/13
District at the Summit,922,1084,1084, $	830.00 ,11/11/13
District at the Summit,2936,761,761," $	1,110.00 ",11/11/13
District at the Summit,2814,761,761, $	952.00 ,11/11/13
District at the Summit,1428,761,761, $	931.00 ,11/11/13
District at the Summit,1812,1084,1084, $	823.00 ,11/11/13
District at the Summit,1732,761,761, $	816.00 ,11/11/13
District at the Summit,202,761,761, $	667.00 ,11/11/13
District at the Summit,1338,1084,1084, $	757.00 ,11/11/13
District at the Summit,2512,1084,1084, $	771.00 ,11/11/13
District at the Summit,324,761,761, $	735.00 ,11/11/13
District at the Summit,2608,1292,1292, $	757.00 ,11/11/13
District at the Summit,440,761,761, $	747.00 ,11/11/13
District at the Summit,422,761,761, $	894.00 ,11/11/13
District at the Summit,836,761,761, $	625.00 ,11/11/13
District at the Summit,2320,1084,1084, $	713.00 ,11/11/13
District at the Summit,812,1084,1084, $	671.00 ,11/11/13
District at the Summit,2706,1084,1084, $	670.00 ,11/11/13
District at the Summit,914,1084,1084, $	674.00 ,11/11/13
District at the Summit,3000,1084,1084, $	802.00 ,11/11/13
District at the Summit,1612,1084,1084, $	703.00 ,11/11/13
District at the Summit,1602,761,761, $	858.00 ,11/11/13
District at the Summit,1706,761,761," $	1,008.00 ",11/11/13
District at the Summit,1826,1084,1084, $	742.00 ,11/11/13
District at the Summit,1042,1292,1292, $	859.00 ,11/11/13
District at the Summit,1324,761,761, $	784.00 ,11/11/13
District at the Summit,238,1084,1084, $	875.00 ,11/11/13
District at the Summit,1804,1084,1084, $	964.00 ,11/11/13
District at the Summit,722,1292,1292, $	696.00 ,11/11/13
District at the Summit,1512,1084,1084, $	645.00 ,11/11/13
District at the Summit,526,1084,1084, $	867.00 ,11/11/13
District at the Summit,1846,1084,1084, $	654.00 ,11/11/13
District at the Summit,2328,761,761, $	825.00 ,11/11/13
District at the Summit,328,761,761, $	863.00 ,11/11/13
District at the Summit,2830,1084,1084," $	1,056.00 ",11/11/13
District at the Summit,332,761,761, $	786.00 ,11/11/13
District at the Summit,1402,761,761, $	763.00 ,11/11/13
District at the Summit,222,1084,1084," $	1,161.00 ",11/11/13
District at the Summit,316,1084,1084, $	747.00 ,11/11/13
District at the Summit,1524,761,761, $	750.00 ,11/11/13
District at the Summit,904,1292,1292, $	726.00 ,11/11/13
District at the Summit,2912,1084,1084, $	822.00 ,11/11/13
District at the Summit,1910,761,761, $	662.00 ,11/11/13
District at the Summit,1714,761,761, $	842.00 ,11/11/13
District at the Summit,326,1084,1084, $	730.00 ,11/11/13
District at the Summit,1808,1084,1084, $	654.00 ,11/11/13
District at the Summit,2532,761,761, $	951.00 ,11/11/13
District at the Summit,1528,761,761, $	643.00 ,11/11/13
District at the Summit,824,761,761, $	728.00 ,11/11/13
District at the Summit,1318,761,761, $	704.00 ,11/11/13
District at the Summit,1414,761,761, $	848.00 ,11/11/13
District at the Summit,1824,761,761, $	772.00 ,11/11/13
District at the Summit,1920,761,761, $	612.00 ,11/11/13
District at the Summit,2224,761,761, $	660.00 ,11/11/13
District at the Summit,1312,1084,1084, $	713.00 ,11/11/13
District at the Summit,1416,1084,1084, $	848.00 ,11/11/13
District at the Summit,1446,1084,1084, $	844.00 ,11/11/13
District at the Summit,1522,1084,1084, $	852.00 ,11/11/13
District at the Summit,2004,1084,1084, $	618.00 ,11/11/13
District at the Summit,2012,1084,1084, $	788.00 ,11/11/13
District at the Summit,2030,1084,1084," $	1,120.00 ",11/11/13
District at the Summit,2130,1084,1084, $	923.00 ,11/11/13
District at the Summit,2142,1084,1084, $	719.00 ,11/11/13
District at the Summit,2300,1084,1084, $	790.00 ,11/11/13
District at the Summit,2606,1084,1084, $	690.00 ,11/11/13
District at the Summit,912,1292,1292, $	662.00 ,11/11/13
District at the Summit,1012,1292,1292, $	899.00 ,11/11/13
District at the Summit,1046,1292,1292, $	977.00 ,11/11/13
District at the Summit,304,1084,1084, $	816.00 ,11/11/13
District at the Summit,1842,1084,1084, $	862.00 ,11/11/13
District at the Summit,3022,761,761, $	680.00 ,11/11/13
District at the Summit,3006,761,761, $	742.00 ,11/11/13
District at the Summit,600,1084,1084, $	820.00 ,11/11/13
District at the Summit,2214,761,761," $	1,113.00 ",11/11/13
District at the Summit,602,761,761, $	876.00 ,11/11/13
District at the Summit,620,761,761, $	725.00 ,11/11/13
District at the Summit,1330,1084,1084, $	727.00 ,11/11/13
District at the Summit,2946,1084,1084, $	868.00 ,11/11/13
District at the Summit,1830,1084,1084, $	864.00 ,11/11/13
District at the Summit,2446,1084,1084, $	872.00 ,11/11/13
District at the Summit,606,761,761," $	1,040.00 ",11/11/13
District at the Summit,2032,761,761, $	755.00 ,11/11/13
District at the Summit,2736,1084,1084, $	938.00 ,11/11/13
District at the Summit,3038,1084,1084, $	790.00 ,11/11/13
District at the Summit,3026,1084,1084, $	904.00 ,11/11/13
District at the Summit,1816,1084,1084, $	746.00 ,11/11/13
District at the Summit,1702,761,761, $	926.00 ,11/11/13
District at the Summit,822,1084,1084, $	774.00 ,11/11/13
District at the Summit,230,1084,1084, $	719.00 ,11/11/13
District at the Summit,320,761,761, $	786.00 ,11/11/13
District at the Summit,2230,1084,1084, $	837.00 ,11/11/13
District at the Summit,1718,761,761, $	820.00 ,11/11/13
District at the Summit,312,1084,1084, $	774.00 ,11/11/13
District at the Summit,624,761,761, $	719.00 ,11/11/13
District at the Summit,2622,1292,1292, $	701.00 ,11/11/13
District at the Summit,1404,1084,1084, $	838.00 ,11/11/13
District at the Summit,2544,761,761," $	1,099.00 ",11/11/13
District at the Summit,2720,1292,1292, $	755.00 ,11/11/13
District at the Summit,542,1084,1084, $	864.00 ,11/11/13
District at the Summit,632,761,761, $	778.00 ,11/11/13
District at the Summit,2138,1084,1084, $	760.00 ,11/11/13
District at the Summit,2710,1084,1084, $	882.00 ,11/11/13
District at the Summit,2718,1084,1084, $	775.00 ,11/11/13
District at the Summit,2022,1084,1084, $	805.00 ,11/11/13
District at the Summit,2336,761,761, $	654.00 ,11/11/13
District at the Summit,1800,1084,1084, $	730.00 ,11/11/13
District at the Summit,2438,1084,1084, $	720.00 ,11/11/13
District at the Summit,1020,1292,1292, $	760.00 ,11/11/13
District at the Summit,910,1084,1084, $	848.00 ,11/11/13
District at the Summit,2900,1084,1084," $	1,217.00 ",11/11/13
District at the Summit,832,761,761, $	670.00 ,11/11/13
District at the Summit,1426,1084,1084, $	862.00 ,11/11/13
District at the Summit,2424,761,761, $	733.00 ,11/11/13
District at the Summit,210,761,761," $	1,011.00 ",11/11/13
District at the Summit,208,1084,1084, $	747.00 ,11/11/13
District at the Summit,1410,761,761, $	949.00 ,11/11/13
District at the Summit,406,761,761, $	738.00 ,11/11/13
District at the Summit,1610,761,761," $	1,109.00 ",11/11/13
District at the Summit,2306,761,761, $	838.00 ,11/11/13
District at the Summit,444,761,761, $	758.00 ,11/11/13
District at the Summit,2822,1084,1084, $	883.00 ,11/11/13
District at the Summit,330,1084,1084, $	680.00 ,11/11/13
District at the Summit,2018,761,761," $	1,219.00 ",11/11/13
District at the Summit,2704,1292,1292, $	938.00 ,11/11/13
District at the Summit,718,1084,1084, $	913.00 ,11/11/13
District at the Summit,916,1292,1292, $	852.00 ,11/11/13
District at the Summit,3034,1084,1084, $	800.00 ,11/11/13
District at the Summit,336,761,761," $	1,289.00 ",11/11/13
District at the Summit,1130,1292,1292, $	889.00 ,11/11/13
District at the Summit,2914,761,761, $	904.00 ,11/11/13
District at the Summit,2010,761,761, $	760.00 ,11/11/13
District at the Summit,1734,1084,1084, $	782.00 ,11/11/13
District at the Summit,3016,1084,1084, $	933.00 ,11/11/13
District at the Summit,1432,761,761, $	776.00 ,11/11/13
District at the Summit,2444,761,761, $	-00 ,11/11/13
District at the Summit,938,1292,1292, $	719.00 ,11/11/13
District at the Summit,924,1084,1084, $	661.00 ,11/11/13
District at the Summit,2324,761,761, $	901.00 ,11/11/13
District at the Summit,1226,1084,1084, $	922.00 ,11/11/13
District at the Summit,1314,761,761, $	606.00 ,11/11/13
District at the Summit,2728,1084,1084, $	620.00 ,11/11/13
District at the Summit,2906,761,761, $	871.00 ,11/11/13
District at the Summit,1506,761,761, $	763.00 ,11/11/13
District at the Summit,546,1084,1084, $	943.00 ,11/11/13
District at the Summit,2620,1084,1084, $	763.00 ,11/11/13
District at the Summit,2208,1084,1084, $	750.00 ,11/11/13
District at the Summit,1336,761,761, $	965.00 ,11/11/13
District at the Summit,2942,1084,1084, $	727.00 ,11/11/13
District at the Summit,1234,1084,1084," $	1,182.00 ",11/11/13
District at the Summit,732,1084,1084, $	980.00 ,11/11/13
District at the Summit,2212,1084,1084, $	742.00 ,11/11/13
District at the Summit,2406,761,761," $	1,098.00 ",11/11/13
District at the Summit,2220,1084,1084, $	936.00 ,11/11/13
District at the Summit,1628,761,761, $	810.00 ,11/11/13
District at the Summit,204,1084,1084, $	814.00 ,11/11/13
District at the Summit,738,1292,1292, $	828.00 ,11/11/13
District at the Summit,1740,761,761, $	733.00 ,11/11/13
District at the Summit,1110,1084,1084," $	1,211.00 ",11/11/13
District at the Summit,500,1084,1084," $	1,216.00 ",11/11/13
District at the Summit,510,761,761, $	714.00 ,11/11/13
District at the Summit,1400,1084,1084, $	810.00 ,11/11/13
District at the Summit,1212,1084,1084, $	771.00 ,11/11/13
District at the Summit,436,761,761, $	747.00 ,11/11/13
District at the Summit,604,1084,1084, $	745.00 ,11/11/13
District at the Summit,538,1084,1084, $	657.00 ,11/11/13
District at the Summit,1902,761,761," $	1,014.00 ",11/11/13
District at the Summit,1530,1084,1084, $	874.00 ,11/11/13
District at the Summit,2742,1292,1292, $	720.00 ,11/11/13
District at the Summit,2418,761,761," $	1,114.00 ",11/11/13
District at the Summit,2430,1084,1084, $	718.00 ,11/11/13
District at the Summit,2402,761,761, $	860.00 ,11/11/13
District at the Summit,2006,761,761, $	957.00 ,11/11/13
District at the Summit,3018,761,761, $	738.00 ,11/11/13
District at the Summit,804,1084,1084, $	887.00 ,11/11/13
District at the Summit,1434,1084,1084, $	750.00 ,11/11/13
District at the Summit,2816,761,761, $	741.00 ,11/11/13
District at the Summit,2108,1084,1084," $	1,001.00 ",11/11/13
District at the Summit,2702,1084,1084, $	801.00 ,11/11/13
District at the Summit,2724,1084,1084, $	996.00 ,11/11/13
District at the Summit,716,1292,1292, $	913.00 ,11/11/13
District at the Summit,1118,1084,1084, $	684.00 ,11/11/13
District at the Summit,1122,1292,1292, $	942.00 ,11/11/13
District at the Summit,1844,761,761, $	688.00 ,11/11/13
District at the Summit,1408,1084,1084," $	1,177.00 ",11/11/13
District at the Summit,2232,761,761, $	954.00 ,11/11/13
District at the Summit,710,1084,1084, $	999.00 ,11/11/13
District at the Summit,808,1084,1084, $	720.00 ,11/11/13
District at the Summit,314,761,761," $	1,005.00 ",11/11/13
District at the Summit,1322,761,761, $	745.00 ,11/11/13
District at the Summit,404,1084,1084, $	789.00 ,11/11/13
District at the Summit,1102,1084,1084, $	738.00 ,11/11/13
District at the Summit,532,761,761, $	970.00 ,11/11/13
District at the Summit,932,1084,1084, $	758.00 ,11/11/13
District at the Summit,636,761,761, $	890.00 ,11/11/13
District at the Summit,2902,761,761, $	749.00 ,11/11/13
District at the Summit,1114,1084,1084, $	768.00 ,11/11/13
District at the Summit,506,761,761, $	734.00 ,11/11/13
District at the Summit,1436,761,761, $	937.00 ,11/11/13
District at the Summit,1442,1084,1084, $	783.00 ,11/11/13
District at the Summit,1342,1084,1084, $	805.00 ,11/11/13
District at the Summit,2312,1084,1084, $	823.00 ,11/11/13
District at the Summit,1620,761,761, $	826.00 ,11/11/13
District at the Summit,2624,1084,1084, $	803.00 ,11/11/13
District at the Summit,2226,1084,1084, $	771.00 ,11/11/13
District at the Summit,700,1292,1292, $	744.00 ,11/11/13
District at the Summit,2746,1292,1292, $	743.00 ,11/11/13
District at the Summit,1032,1084,1084," $	1,063.00 ",11/11/13
District at the Summit,622,1084,1084, $	863.00 ,11/11/13
District at the Summit,2534,1084,1084, $	863.00 ,11/11/13
District at the Summit,1802,761,761, $	718.00 ,11/11/13
District at the Summit,2722,1084,1084, $	729.00 ,11/11/13
District at the Summit,712,1292,1292, $	716.00 ,11/11/13
District at the Summit,720,1084,1084, $	694.00 ,11/11/13
District at the Summit,2434,1084,1084, $	779.00 ,11/11/13
District at the Summit,3024,761,761, $	826.00 ,11/11/13
District at the Summit,1038,1292,1292, $	778.00 ,11/11/13
District at the Summit,2744,1084,1084, $	716.00 ,11/11/13
District at the Summit,800,1084,1084, $	641.00 ,11/11/13
District at the Summit,1724,761,761, $	808.00 ,11/11/13
District at the Summit,1224,761,761, $	836.00 ,11/11/13
District at the Summit,2210,761,761, $	710.00 ,11/11/13
District at the Summit,1218,761,761, $	882.00 ,11/11/13
District at the Summit,1744,761,761, $	873.00 ,11/11/13
District at the Summit,918,1292,1292, $	870.00 ,11/11/13
District at the Summit,2514,761,761, $	641.00 ,11/11/13
District at the Summit,702,1084,1084, $	738.00 ,11/11/13
District at the Summit,2506,761,761, $	875.00 ,11/11/13
District at the Summit,1444,761,761, $	641.00 ,11/11/13
District at the Summit,2000,1084,1084, $	754.00 ,11/11/13
District at the Summit,1614,761,761, $	836.00 ,11/11/13
District at the Summit,2412,1084,1084, $	836.00 ,11/11/13
District at the Summit,634,1084,1084, $	703.00 ,11/11/13
District at the Summit,228,761,761, $	688.00 ,11/11/13
District at the Summit,2920,1084,1084, $	738.00 ,11/11/13
District at the Summit,2538,1084,1084, $	850.00 ,11/11/13
District at the Summit,502,761,761, $	847.00 ,11/11/13
District at the Summit,2116,1084,1084, $	875.00 ,11/11/13
District at the Summit,2318,761,761, $	858.00 ,11/11/13
District at the Summit,3004,1084,1084, $	660.00 ,11/11/13
District at the Summit,818,761,761," $	1,151.00 ",11/11/13
District at the Summit,224,761,761, $	826.00 ,11/11/13
District at the Summit,2824,761,761, $	685.00 ,11/11/13
District at the Summit,3032,761,761, $	709.00 ,11/11/13
District at the Summit,2516,1084,1084, $	729.00 ,11/11/13
District at the Summit,2922,761,761, $	836.00 ,11/11/13
District at the Summit,2810,761,761, $	-00 ,11/11/13
District at the Summit,2114,761,761, $	753.00 ,11/11/13
District at the Summit,212,1084,1084, $	745.00 ,11/11/13
District at the Summit,930,1292,1292, $	708.00 ,11/11/13
District at the Summit,2828,761,761, $	902.00 ,11/11/13
District at the Summit,626,1084,1084, $	796.00 ,11/11/13
District at the Summit,508,1084,1084, $	667.00 ,11/11/13
District at the Summit,2246,1084,1084, $	889.00 ,11/11/13
District at the Summit,1600,1084,1084, $	720.00 ,11/11/13
District at the Summit,1016,1292,1292, $	840.00 ,11/11/13
District at the Summit,2100,1084,1084, $	712.00 ,11/11/13
District at the Summit,1534,1084,1084, $	912.00 ,11/11/13
District at the Summit,2414,761,761," $	1,029.00 ",11/11/13
District at the Summit,2510,761,761, $	850.00 ,11/11/13
District at the Summit,1412,1084,1084, $	942.00 ,11/11/13
District at the Summit,400,1084,1084, $	750.00 ,11/11/13
District at the Summit,1304,1084,1084, $	851.00 ,11/11/13
District at the Summit,1832,761,761, $	799.00 ,11/11/13
District at the Summit,2416,1084,1084, $	789.00 ,11/11/13
District at the Summit,1922,1084,1084, $	895.00 ,11/11/13
District at the Summit,2714,1084,1084, $	784.00 ,11/11/13
District at the Summit,2442,1084,1084, $	792.00 ,11/11/13
District at the Summit,806,761,761, $	890.00 ,11/11/13
District at the Summit,1616,1084,1084, $	959.00 ,11/11/13
District at the Summit,2106,761,761," $	1,276.00 ",11/11/13
District at the Summit,920,1292,1292, $	858.00 ,11/11/13
District at the Summit,1502,761,761, $	907.00 ,11/11/13
District at the Summit,2400,1084,1084, $	724.00 ,11/11/13
District at the Summit,2630,1292,1292, $	761.00 ,11/11/13
District at the Summit,2806,761,761, $	854.00 ,11/11/13
District at the Summit,3028,761,761, $	774.00 ,11/11/13
District at the Summit,1624,761,761, $	845.00 ,11/11/13
District at the Summit,1504,1084,1084, $	645.00 ,11/11/13
District at the Summit,2504,1084,1084," $	1,063.00 ",11/11/13
District at the Summit,1716,1084,1084," $	1,084.00 ",11/11/13
District at the Summit,2924,761,761, $	942.00 ,11/11/13
District at the Summit,1000,1292,1292, $	918.00 ,11/11/13
District at the Summit,2322,761,761, $	778.00 ,11/11/13
District at the Summit,1328,761,761, $	779.00 ,11/11/13
District at the Summit,530,1084,1084, $	779.00 ,11/11/13
District at the Summit,2222,761,761, $	720.00 ,11/11/13
District at the Summit,1210,761,761, $	789.00 ,11/11/13
District at the Summit,1326,1084,1084, $	728.00 ,11/11/13
District at the Summit,820,761,761, $	838.00 ,11/11/13
District at the Summit,1822,761,761, $	729.00 ,11/11/13
District at the Summit,2124,761,761, $	901.00 ,11/11/13
District at the Summit,2428,761,761, $	747.00 ,11/11/13
District at the Summit,338,1084,1084, $	702.00 ,11/11/13
District at the Summit,612,1084,1084, $	789.00 ,11/11/13
District at the Summit,714,1084,1084, $	-00 ,11/11/13
District at the Summit,944,1084,1084, $	899.00 ,11/11/13
District at the Summit,1120,1084,1084, $	729.00 ,11/11/13
District at the Summit,1124,1084,1084, $	820.00 ,11/11/13
District at the Summit,1200,1084,1084, $	765.00 ,11/11/13
District at the Summit,1222,1084,1084, $	756.00 ,11/11/13
District at the Summit,1316,1084,1084, $	853.00 ,11/11/13
District at the Summit,1346,1084,1084, $	695.00 ,11/11/13
District at the Summit,1438,1084,1084, $	778.00 ,11/11/13
District at the Summit,1508,1084,1084, $	755.00 ,11/11/13
District at the Summit,1604,1084,1084, $	789.00 ,11/11/13
District at the Summit,2008,1084,1084, $	815.00 ,11/11/13
District at the Summit,2034,1084,1084, $	823.00 ,11/11/13
District at the Summit,2408,1084,1084, $	809.00 ,11/11/13
District at the Summit,2546,1084,1084," $	1,003.00 ",11/11/13
District at the Summit,2804,1084,1084," $	1,049.00 ",11/11/13
District at the Summit,704,1292,1292, $	831.00 ,11/11/13
District at the Summit,708,1292,1292, $	835.00 ,11/11/13
District at the Summit,734,1292,1292, $	849.00 ,11/11/13
District at the Summit,908,1292,1292, $	988.00 ,11/11/13
District at the Summit,942,1292,1292, $	856.00 ,11/11/13
District at the Summit,1100,1292,1292, $	916.00 ,11/11/13
District at the Summit,1126,1292,1292, $	650.00 ,11/11/13
District at the Summit,2616,1292,1292, $	952.00 ,11/11/13
District at the Summit,2626,1292,1292, $	746.00 ,11/11/13
District at the Summit,2634,1292,1292, $	904.00 ,11/11/13
District at the Summit,2708,1292,1292, $	791.00 ,11/11/13
District at the Summit,2716,1292,1292, $	856.00 ,11/11/13
District at the Summit,2726,1292,1292," $	1,100.00 ",11/11/13
District at the Summit,2738,1292,1292, $	676.00 ,11/11/13
District at the Summit,926,1292,1292, $	712.00 ,11/11/13
District at the Summit,2820,761,761, $	910.00 ,11/11/13
District at the Summit,2540,761,761, $	831.00 ,11/11/13
District at the Summit,2332,761,761, $	756.00 ,11/11/13
District at the Summit,2020,761,761, $	707.00 ,11/11/13
District at the Summit,2014,761,761, $	722.00 ,11/11/13
District at the Summit,1838,1084,1084, $	685.00 ,11/11/13
District at the Summit,1418,761,761, $	747.00 ,11/11/13
District at the Summit,232,761,761, $	792.00 ,11/11/13
District at the Summit,1820,1084,1084, $	954.00 ,11/11/13
District at the Summit,1022,1084,1084, $	737.00 ,11/11/13
District at the Summit,2524,761,761, $	752.00 ,11/11/13
District at the Summit,2940,761,761, $	808.00 ,11/11/13
District at the Summit,1108,1292,1292, $	820.00 ,11/11/13
District at the Summit,2132,761,761, $	835.00 ,11/11/13
District at the Summit,1720,1084,1084, $	903.00 ,11/11/13
District at the Summit,310,761,761, $	945.00 ,11/11/13
District at the Summit,1916,1084,1084, $	678.00 ,11/11/13
District at the Summit,3046,1084,1084, $	682.00 ,11/11/13
District at the Summit,2326,1084,1084, $	757.00 ,11/11/13
District at the Summit,1136,1084,1084, $	676.00 ,11/11/13
District at the Summit,2342,1084,1084, $	721.00 ,11/11/13
District at the Summit,1132,1084,1084, $	-00 ,11/11/13
District at the Summit,1440,761,761, $	863.00 ,11/11/13
District at the Summit,1112,1292,1292, $	754.00 ,11/11/13
District at the Summit,2302,761,761, $	873.00 ,11/11/13
District at the Summit,1926,1084,1084, $	845.00 ,11/11/13
District at the Summit,1422,761,761, $	778.00 ,11/11/13
District at the Summit,1746,1084,1084, $	735.00 ,11/11/13
District at the Summit,1026,1292,1292," $	1,143.00 ",11/11/13
District at the Summit,1634,1084,1084, $	734.00 ,11/11/13
District at the Summit,1904,1084,1084, $	834.00 ,11/11/13
District at the Summit,2136,761,761, $	894.00 ,11/11/13
District at the Summit,3014,761,761, $	709.00 ,11/11/13
District at the Summit,236,761,761, $	789.00 ,11/11/13
District at the Summit,2334,1084,1084, $	798.00 ,11/11/13
District at the Summit,736,1084,1084, $	758.00 ,11/11/13
District at the Summit,524,761,761, $	662.00 ,11/11/13
District at the Summit,2346,1084,1084, $	886.00 ,11/11/13
District at the Summit,1630,1084,1084, $	914.00 ,11/11/13
District at the Summit,728,1084,1084, $	896.00 ,11/11/13
District at the Summit,614,761,761, $	880.00 ,11/11/13
District at the Summit,2436,761,761, $	880.00 ,11/11/13
District at the Summit,2526,1084,1084, $	845.00 ,11/11/13
District at the Summit,512,1084,1084, $	728.00 ,11/11/13
District at the Summit,428,761,761, $	954.00 ,11/11/13
District at the Summit,2918,761,761, $	920.00 ,11/11/13
District at the Summit,2118,761,761, $	740.00 ,11/11/13
District at the Summit,2200,1084,1084, $	798.00 ,11/11/13
District at the Summit,544,761,761, $	641.00 ,11/11/13
District at the Summit,928,1084,1084, $	716.00 ,11/11/13
District at the Summit,1300,1084,1084, $	893.00 ,11/11/13
District at the Summit,2614,1084,1084, $	766.00 ,11/11/13
District at the Summit,2134,1084,1084, $	899.00 ,11/11/13
District at the Summit,1834,1084,1084, $	798.00 ,11/11/13
District at the Summit,2204,1084,1084, $	624.00 ,11/11/13
District at the Summit,414,761,761, $	693.00 ,11/11/13
District at the Summit,1708,1084,1084, $	852.00 ,11/11/13
District at the Summit,1818,761,761, $	660.00 ,11/11/13
District at the Summit,1228,761,761, $	612.00 ,11/11/13
District at the Summit,1204,1084,1084, $	624.00 ,11/11/13
District at the Summit,218,761,761, $	-00 ,11/11/13
District at the Summit,1728,761,761, $	-00 ,11/11/13
District at the Summit,412,1084,1084, $	-00 ,11/11/13
District at the Summit,1006,1084,1084, $	-00 ,11/11/13
District at the Summit,1932,761,761, $	-00 ,11/11/13
District at the Summit,2602,1084,1084, $	-00 ,11/11/13
District at the Summit,2934,1084,1084, $	-00 ,11/11/13
District at the Summit,1214,761,761, $	-00 ,11/11/13
District at the Summit,2818,1084,1084, $	-00 ,11/11/13
District at the Summit,2338,1084,1084, $	930.00 ,11/11/13
District at the Summit,1914,761,761, $	827.00 ,11/11/13
District at the Summit,536,761,761, $	823.00 ,11/11/13
District at the Summit,2432,761,761, $	738.00 ,11/11/13
District at the Summit,1636,761,761, $	700.00 ,11/11/13
District at the Summit,946,1292,1292, $	723.00 ,11/11/13
District at the Summit,1206,761,761, $	880.00 ,11/11/13
District at the Summit,1516,1084,1084, $	956.00 ,11/11/13
Grand Highlands at Mountain Brook,3000,mb1x1h,850B, $	729.00 ,10/4/13
Grand Highlands at Mountain Brook,3001,mb1x1h,850B, $	729.00 ,10/4/13
Grand Highlands at Mountain Brook,3002,mb1x1h,850B, $	669.00 ,10/4/13
Grand Highlands at Mountain Brook,3003,mb1x1h,850B, $	649.00 ,10/4/13
Grand Highlands at Mountain Brook,3004,mb2x2ww,1150B, $	839.00 ,10/4/13
Grand Highlands at Mountain Brook,3005,mb2x2ww,1150B, $	809.00 ,10/4/13
Grand Highlands at Mountain Brook,3006,mb2x2ww,1150B, $	799.00 ,10/4/13
Grand Highlands at Mountain Brook,3007,mb2x2ww,1150B, $	759.00 ,10/4/13
Grand Highlands at Mountain Brook,3008,mb2x2ww,1150B, $	805.00 ,10/4/13
Grand Highlands at Mountain Brook,3009,mb2x2ww,1150B, $	818.00 ,10/4/13
Grand Highlands at Mountain Brook,3010,mb2x2ww,1150B, $	855.00 ,10/4/13
Grand Highlands at Mountain Brook,3011,mb2x2ww,1150B, $	369.50 ,10/4/13
Grand Highlands at Mountain Brook,3012,mb1x1h,850B, $	729.00 ,10/4/13
Grand Highlands at Mountain Brook,3013,mb1x1h,850B, $	689.00 ,10/4/13
Grand Highlands at Mountain Brook,3014,mb1x1h,850B, $	729.00 ,10/4/13
Grand Highlands at Mountain Brook,3015,mb1x1h,850B, $	739.00 ,10/4/13
Grand Highlands at Mountain Brook,3016,mb2x2wu,1150B,,10/4/13
Grand Highlands at Mountain Brook,3017,mb2x2wub,1150B, $	959.00 ,10/4/13
Grand Highlands at Mountain Brook,3018,mb2x2wu,1150B,,10/4/13
Grand Highlands at Mountain Brook,3019,mb2x2wu,1150B, $	789.00 ,10/4/13
Grand Highlands at Mountain Brook,3020,mb2x2wu,1150B, $	849.00 ,10/4/13
Grand Highlands at Mountain Brook,3021,mb2x2wu,1150B, $	826.00 ,10/4/13
Grand Highlands at Mountain Brook,3022,mb2x2wu,1150B, $	789.00 ,10/4/13
Grand Highlands at Mountain Brook,3023,mb2x2wu,1150B, $	809.00 ,10/4/13
Grand Highlands at Mountain Brook,3101,mb2x2stb,1150A, $	969.00 ,10/4/13
Grand Highlands at Mountain Brook,3103,mb2x2st,1150A, $	839.00 ,10/4/13
Grand Highlands at Mountain Brook,3105,mb2x2stb,1150A, $	969.00 ,10/4/13
Grand Highlands at Mountain Brook,3107,mb2x2st,1150A, $	729.00 ,10/4/13
Grand Highlands at Mountain Brook,3109,mb2x2sw,1150A, $	759.00 ,10/4/13
Grand Highlands at Mountain Brook,3111,mb2x2sw,1150A, $	789.00 ,10/4/13
Grand Highlands at Mountain Brook,3113,mb2x2sw,1150A, $	749.00 ,10/4/13
Grand Highlands at Mountain Brook,3115,mb2x2sw,1150A, $	859.00 ,10/4/13
Grand Highlands at Mountain Brook,3117,mb2x2sw,1150A, $	839.00 ,10/4/13
Grand Highlands at Mountain Brook,3119,mb2x2sw,1150A, $	809.00 ,10/4/13
Grand Highlands at Mountain Brook,3121,mb2x2sw,1150A, $	789.00 ,10/4/13
Grand Highlands at Mountain Brook,3123,mb2x2swb,1150A, $	969.00 ,10/4/13
Grand Highlands at Mountain Brook,3125,mb2x2sub,1150A,,10/4/13
Grand Highlands at Mountain Brook,3127,mb2x2su,1150A, $	799.00 ,10/4/13
Grand Highlands at Mountain Brook,3129,mb2x2su,1150A,,10/4/13
Grand Highlands at Mountain Brook,3131,mb2x2sub,1150A, $	969.00 ,10/4/13
Grand Highlands at Mountain Brook,3133,mb2x2sub,1150A, $	939.00 ,10/4/13
Grand Highlands at Mountain Brook,3135,mb2x2sub,1150A, $	969.00 ,10/4/13
Grand Highlands at Mountain Brook,3137,mb2x2su,1150A, $	839.00 ,10/4/13
Grand Highlands at Mountain Brook,3139,mb2x2su,1150A, $	799.00 ,10/4/13
Grand Highlands at Mountain Brook,3211,mb1x1h,850B, $	709.00 ,10/4/13
Grand Highlands at Mountain Brook,3213,mb1x1h,850B,,10/4/13
Grand Highlands at Mountain Brook,3215,mb2x2ww,1150B, $	784.00 ,10/4/13
Grand Highlands at Mountain Brook,3216,mb1x1h,850B,,10/4/13
Grand Highlands at Mountain Brook,3217,mb2x2wwb,1150B, $	959.00 ,10/4/13
Grand Highlands at Mountain Brook,3218,mb1x1hb,850B, $	774.00 ,10/4/13
Grand Highlands at Mountain Brook,3219,mb2x2ww,1150B, $	839.00 ,10/4/13
Grand Highlands at Mountain Brook,3220,mb2x2ww,1150B,,10/4/13
Grand Highlands at Mountain Brook,3221,mb2x2ww,1150B, $	745.00 ,10/4/13
Grand Highlands at Mountain Brook,3222,mb2x2wwb,1150B, $	839.00 ,10/4/13
Grand Highlands at Mountain Brook,3223,mb1x1h,850B, $	739.00 ,10/4/13
Grand Highlands at Mountain Brook,3224,mb2x2ww,1150B, $	779.00 ,10/4/13
Grand Highlands at Mountain Brook,3225,mb1x1hb,850B, $	829.00 ,10/4/13
Grand Highlands at Mountain Brook,3226,mb2x2ww,1150B, $	894.00 ,10/4/13
Grand Highlands at Mountain Brook,3227,mb2x2wub,1150B, $	959.00 ,10/4/13
Grand Highlands at Mountain Brook,3228,mb2x2ww,1150B, $	839.00 ,10/4/13
Grand Highlands at Mountain Brook,3229,mb2x2wu,1150B,,10/4/13
Grand Highlands at Mountain Brook,3230,mb2x2wwb,1150B, $	959.00 ,10/4/13
Grand Highlands at Mountain Brook,3231,mb2x2wu,1150B, $	839.00 ,10/4/13
Grand Highlands at Mountain Brook,3232,mb2x2ww,1150B, $	799.00 ,10/4/13
Grand Highlands at Mountain Brook,3233,mb2x2wu,1150B, $	709.00 ,10/4/13
Grand Highlands at Mountain Brook,3234,mb2x2ww,1150B,,10/4/13
Grand Highlands at Mountain Brook,3236,mb1x1h,850B, $	730.00 ,10/4/13
Grand Highlands at Mountain Brook,3240,mb1x1hb,850B, $	849.00 ,10/4/13
Grand Highlands at Mountain Brook,3242,mb2x2wub,1150B, $	939.00 ,10/4/13
Grand Highlands at Mountain Brook,3244,mb2x2wu,1150B,,10/4/13
Grand Highlands at Mountain Brook,3246,mb2x2wu,1150B, $	799.00 ,10/4/13
Grand Highlands at Mountain Brook,3248,mb2x2wub,1150B, $	939.00 ,10/4/13
Grand Highlands at Mountain Brook,3250,mb2x2wu,1150B, $	839.00 ,10/4/13
Grand Highlands at Mountain Brook,3252,mb2x2wu,1150B, $	759.00 ,10/4/13
Grand Highlands at Mountain Brook,3254,mb2x2wu,1150B, $	760.00 ,10/4/13
Grand Highlands at Mountain Brook,3256,mb2x2wu,1150B, $	729.00 ,10/4/13
Grand Highlands at Mountain Brook,3301,mb1x1hpb,850B,,10/4/13
Grand Highlands at Mountain Brook,3303,mb1x1hpb,850B, $	849.00 ,10/4/13
Grand Highlands at Mountain Brook,3305,mb1x1hpb,850B, $	819.00 ,10/4/13
Grand Highlands at Mountain Brook,3307,mb1x1hp,850B, $	729.00 ,10/4/13
Grand Highlands at Mountain Brook,3310,mb2x2st,1150A, $	799.00 ,10/4/13
Grand Highlands at Mountain Brook,3312,mb2x2st,1150A, $	759.00 ,10/4/13
Grand Highlands at Mountain Brook,3314,mb2x2st,1150A, $	750.00 ,10/4/13
Grand Highlands at Mountain Brook,3316,mb2x2st,1150A, $	845.00 ,10/4/13
Grand Highlands at Mountain Brook,3318,mb2x2sw,1150A, $	849.00 ,10/4/13
Grand Highlands at Mountain Brook,3320,mb2x2sw,1150A, $	849.00 ,10/4/13
Grand Highlands at Mountain Brook,3322,mb2x2swb,1150A, $	969.00 ,10/4/13
Grand Highlands at Mountain Brook,3324,mb2x2sw,1150A, $	764.00 ,10/4/13
Grand Highlands at Mountain Brook,3326,mb2x2sw,1150A, $	799.00 ,10/4/13
Grand Highlands at Mountain Brook,3328,mb2x2sw,1150A, $	759.00 ,10/4/13
Grand Highlands at Mountain Brook,3330,mb2x2sw,1150A, $	809.00 ,10/4/13
Grand Highlands at Mountain Brook,3332,mb2x2sw,1150A, $	769.00 ,10/4/13
Grand Highlands at Mountain Brook,3334,mb2x2su,1150A, $	839.00 ,10/4/13
Grand Highlands at Mountain Brook,3336,mb2x2su,1150A, $	839.00 ,10/4/13
Grand Highlands at Mountain Brook,3338,mb2x2su,1150A, $	839.00 ,10/4/13
Grand Highlands at Mountain Brook,3340,mb2x2su,1150A, $	729.00 ,10/4/13
Grand Highlands at Mountain Brook,3342,mb2x2su,1150A,,10/4/13
Grand Highlands at Mountain Brook,3344,mb2x2su,1150A, $	789.00 ,10/4/13
Grand Highlands at Mountain Brook,3346,mb2x2su,1150A, $	869.00 ,10/4/13
Grand Highlands at Mountain Brook,3348,mb2x2su,1150A, $	839.00 ,10/4/13
Grand Highlands at Mountain Brook,3360,mb2x2wt,1150B, $	839.00 ,10/4/13
Grand Highlands at Mountain Brook,3362,mb2x2wtb,1150B,,10/4/13
Grand Highlands at Mountain Brook,3364,mb2x2wwb,1150B, $	959.00 ,10/4/13
Grand Highlands at Mountain Brook,3366,mb2x2ww,1150B, $	839.00 ,10/4/13
Grand Highlands at Mountain Brook,3368,mb2x2wwb,1150B,,10/4/13
Grand Highlands at Mountain Brook,3370,mb2x2ww,1150B, $	799.00 ,10/4/13
Grand Highlands at Mountain Brook,3372,mb2x2wu,1150B, $	799.00 ,10/4/13
Grand Highlands at Mountain Brook,3374,mb2x2wu,1150B, $	779.00 ,10/4/13
Grand Highlands at Mountain Brook,3376,mb2x2wu,1150B, $	839.00 ,10/4/13
Grand Highlands at Mountain Brook,3378,mb2x2wu,1150B, $	819.00 ,10/4/13
Grand Highlands at Mountain Brook,3400,mb2x2stb,1150A, $	899.00 ,10/4/13
Grand Highlands at Mountain Brook,3402,mb2x2stb,1150A, $	839.00 ,10/4/13
Grand Highlands at Mountain Brook,3404,mb2x2stb,1150A, $	969.00 ,10/4/13
Grand Highlands at Mountain Brook,3406,mb2x2stb,1150A, $	849.00 ,10/4/13
Grand Highlands at Mountain Brook,3408,mb2x2sw,1150A, $	742.00 ,10/4/13
Grand Highlands at Mountain Brook,3410,mb2x2swb,1150A, $	969.00 ,10/4/13
Grand Highlands at Mountain Brook,3412,mb2x2sw,1150A, $	839.00 ,10/4/13
Grand Highlands at Mountain Brook,3414,mb2x2sw,1150A, $	739.00 ,10/4/13
Grand Highlands at Mountain Brook,3416,mb2x2sw,1150A, $	804.00 ,10/4/13
Grand Highlands at Mountain Brook,3418,mb2x2sw,1150A, $	789.00 ,10/4/13
Grand Highlands at Mountain Brook,3420,mb2x2sw,1150A, $	872.00 ,10/4/13
Grand Highlands at Mountain Brook,3422,mb2x2swb,1150A, $	969.00 ,10/4/13
Grand Highlands at Mountain Brook,3424,mb2x2su,1150A, $	599.00 ,10/4/13
Grand Highlands at Mountain Brook,3426,mb2x2su,1150A, $	819.00 ,10/4/13
Grand Highlands at Mountain Brook,3428,mb2x2su,1150A, $	749.00 ,10/4/13
Grand Highlands at Mountain Brook,3430,mb2x2su,1150A, $	779.00 ,10/4/13
Grand Highlands at Mountain Brook,3432,mb2x2su,1150A, $	799.00 ,10/4/13
Grand Highlands at Mountain Brook,3434,mb2x2su,1150A, $	799.00 ,10/4/13
Grand Highlands at Mountain Brook,3436,mb2x2su,1150A, $	749.00 ,10/4/13
Grand Highlands at Mountain Brook,3438,mb2x2su,1150A, $	839.00 ,10/4/13
Grand Highlands at Mountain Brook,3441,mb2x2wt,1150B, $	799.00 ,10/4/13
Grand Highlands at Mountain Brook,3443,mb2x2wt,1150B, $	779.00 ,10/4/13
Grand Highlands at Mountain Brook,3445,mb2x2ww,1150B, $	799.00 ,10/4/13
Grand Highlands at Mountain Brook,3447,mb2x2ww,1150B, $	764.00 ,10/4/13
Grand Highlands at Mountain Brook,3449,mb2x2ww,1150B, $	809.00 ,10/4/13
Grand Highlands at Mountain Brook,3451,mb2x2ww,1150B, $	829.00 ,10/4/13
Grand Highlands at Mountain Brook,3453,mb2x2wu,1150B, $	809.00 ,10/4/13
Grand Highlands at Mountain Brook,3455,mb2x2wu,1150B, $	769.00 ,10/4/13
Grand Highlands at Mountain Brook,3457,mb2x2wu,1150B, $	729.00 ,10/4/13
Grand Highlands at Mountain Brook,3459,mb2x2ww,1150B, $	859.00 ,10/4/13
Grand Highlands at Mountain Brook,3500,mb1x1hp,850B, $	699.00 ,10/4/13
Grand Highlands at Mountain Brook,3501,mb1x1gtb,850A, $	769.00 ,10/4/13
Grand Highlands at Mountain Brook,3502,mb1x1hp,850B, $	699.00 ,10/4/13
Grand Highlands at Mountain Brook,3503,mb1x1gt,850A, $	669.00 ,10/4/13
Grand Highlands at Mountain Brook,3504,mb1x1hp,850B, $	729.00 ,10/4/13
Grand Highlands at Mountain Brook,3505,mb1x1gwb,850A, $	799.00 ,10/4/13
Grand Highlands at Mountain Brook,3506,mb1x1hp,850B, $	699.00 ,10/4/13
Grand Highlands at Mountain Brook,3507,mb1x1gw,850A, $	699.00 ,10/4/13
Grand Highlands at Mountain Brook,3509,mb1x1gw,850A, $	669.00 ,10/4/13
Grand Highlands at Mountain Brook,3511,mb1x1gw,850A, $	669.00 ,10/4/13
Grand Highlands at Mountain Brook,3513,mb1x1gu,850A, $	749.00 ,10/4/13
Grand Highlands at Mountain Brook,3515,mb1x1gu,850A, $	715.00 ,10/4/13
Grand Highlands at Mountain Brook,3517,mb1x1gu,850A, $	674.00 ,10/4/13
Grand Highlands at Mountain Brook,3519,mb1x1gu,850A, $	649.00 ,10/4/13
Grand Highlands at Mountain Brook,3525,mb1x1gt,850A, $	669.00 ,10/4/13
Grand Highlands at Mountain Brook,3527,mb1x1gt,850A, $	699.00 ,10/4/13
Grand Highlands at Mountain Brook,3529,mb1x1gt,850A, $	699.00 ,10/4/13
Grand Highlands at Mountain Brook,3531,mb1x1gtb,850A, $	689.00 ,10/4/13
Grand Highlands at Mountain Brook,3533,mb1x1gw,850A, $	669.00 ,10/4/13
Grand Highlands at Mountain Brook,3534,mb1x1hp,850B, $	314.50 ,10/4/13
Grand Highlands at Mountain Brook,3535,mb1x1gw,850A, $	749.00 ,10/4/13
Grand Highlands at Mountain Brook,3536,mb1x1hp,850B, $	759.00 ,10/4/13
Grand Highlands at Mountain Brook,3537,mb1x1gw,850A, $	719.00 ,10/4/13
Grand Highlands at Mountain Brook,3538,mb1x1hp,850B, $	720.00 ,10/4/13
Grand Highlands at Mountain Brook,3539,mb1x1gw,850A, $	754.00 ,10/4/13
Grand Highlands at Mountain Brook,3540,mb1x1hp,850B, $	729.00 ,10/4/13
Grand Highlands at Mountain Brook,3541,mb1x1gw,850A, $	669.00 ,10/4/13
Grand Highlands at Mountain Brook,3543,mb1x1gwb,850A, $	769.00 ,10/4/13
Grand Highlands at Mountain Brook,3545,mb1x1gw,850A, $	720.00 ,10/4/13
Grand Highlands at Mountain Brook,3547,mb1x1gwb,850A, $	799.00 ,10/4/13
Grand Highlands at Mountain Brook,3549,mb1x1gub,850A, $	799.00 ,10/4/13
Grand Highlands at Mountain Brook,3551,mb1x1gub,850A, $	779.00 ,10/4/13
Grand Highlands at Mountain Brook,3553,mb1x1gu,850A, $	719.00 ,10/4/13
Grand Highlands at Mountain Brook,3555,mb1x1gu,850A, $	639.00 ,10/4/13
Grand Highlands at Mountain Brook,3557,mb1x1gu,850A, $	669.00 ,10/4/13
Grand Highlands at Mountain Brook,3559,mb1x1gu,850A, $	669.00 ,10/4/13
Grand Highlands at Mountain Brook,3561,mb1x1gu,850A, $	669.00 ,10/4/13
Grand Highlands at Mountain Brook,3563,mb1x1gu,850A, $	659.00 ,10/4/13
Grand Highlands at Mountain Brook,3601,mb2x2st,1150A, $	799.00 ,10/4/13
Grand Highlands at Mountain Brook,3603,mb2x2stb,1150A,,10/4/13
Grand Highlands at Mountain Brook,3605,mb2x2st,1150A, $	839.00 ,10/4/13
Grand Highlands at Mountain Brook,3607,mb2x2st,1150A, $	889.00 ,10/4/13
Grand Highlands at Mountain Brook,3609,mb2x2swb,1150A, $	969.00 ,10/4/13
Grand Highlands at Mountain Brook,3611,mb2x2swb,1150A, $	969.00 ,10/4/13
Grand Highlands at Mountain Brook,3613,mb2x2swb,1150A, $	919.00 ,10/4/13
Grand Highlands at Mountain Brook,3615,mb2x2sw,1150A, $	839.00 ,10/4/13
Grand Highlands at Mountain Brook,3617,mb2x2sw,1150A, $	795.00 ,10/4/13
Grand Highlands at Mountain Brook,3619,mb2x2sw,1150A, $	789.00 ,10/4/13
Grand Highlands at Mountain Brook,3621,mb2x2sw,1150A, $	839.00 ,10/4/13
Grand Highlands at Mountain Brook,3623,mb2x2sw,1150A, $	819.00 ,10/4/13
Grand Highlands at Mountain Brook,3625,mb2x2su,1150A, $	869.00 ,10/4/13
Grand Highlands at Mountain Brook,3627,mb2x2su,1150A, $	879.00 ,10/4/13
Grand Highlands at Mountain Brook,3629,mb2x2su,1150A, $	839.00 ,10/4/13
Grand Highlands at Mountain Brook,3631,mb2x2su,1150A, $	799.00 ,10/4/13
Grand Highlands at Mountain Brook,3633,mb2x2su,1150A, $	799.00 ,10/4/13
Grand Highlands at Mountain Brook,3635,mb2x2sub,1150A, $	969.00 ,10/4/13
Grand Highlands at Mountain Brook,3637,mb2x2su,1150A, $	799.00 ,10/4/13
Grand Highlands at Mountain Brook,3639,mb2x2sub,1150A, $	699.00 ,10/4/13
Grand Highlands at Mountain Brook,3701,mb1x1h,850B, $	699.00 ,10/4/13
Grand Highlands at Mountain Brook,3703,mb1x1h,850B, $	729.00 ,10/4/13
Grand Highlands at Mountain Brook,3705,mb2x2ww,1150B, $	839.00 ,10/4/13
Grand Highlands at Mountain Brook,3707,mb2x2wwb,1150B, $	969.00 ,10/4/13
Grand Highlands at Mountain Brook,3709,mb2x2ww,1150B, $	779.00 ,10/4/13
Grand Highlands at Mountain Brook,3711,mb2x2ww,1150B, $	749.00 ,10/4/13
Grand Highlands at Mountain Brook,3713,mb1x1hb,850B, $	739.00 ,10/4/13
Grand Highlands at Mountain Brook,3715,mb1x1hb,850B, $	799.00 ,10/4/13
Grand Highlands at Mountain Brook,3717,mb2x2wu,1150B, $	839.00 ,10/4/13
Grand Highlands at Mountain Brook,3719,mb2x2wu,1150B, $	854.00 ,10/4/13
Grand Highlands at Mountain Brook,3721,mb2x2wub,1150B,,10/4/13
Grand Highlands at Mountain Brook,3723,mb2x2wub,1150B, $	959.00 ,10/4/13
Grand Highlands at Mountain Brook,3731,mb1x1h,850B, $	795.00 ,10/4/13
Grand Highlands at Mountain Brook,3733,mb1x1h,850B, $	709.00 ,10/4/13
Grand Highlands at Mountain Brook,3735,mb2x2ww,1150B, $	839.00 ,10/4/13
Grand Highlands at Mountain Brook,3737,mb2x2ww,1150B, $	799.00 ,10/4/13
Grand Highlands at Mountain Brook,3739,mb2x2ww,1150B, $	774.00 ,10/4/13
Grand Highlands at Mountain Brook,3741,mb2x2wwb,1150B, $	959.00 ,10/4/13
Grand Highlands at Mountain Brook,3743,mb1x1h,850B, $	729.00 ,10/4/13
Grand Highlands at Mountain Brook,3745,mb1x1h,850B, $	739.00 ,10/4/13
Grand Highlands at Mountain Brook,3747,mb2x2wu,1150B, $	749.00 ,10/4/13
Grand Highlands at Mountain Brook,3749,mb2x2wu,1150B, $	799.00 ,10/4/13
Grand Highlands at Mountain Brook,3751,mb2x2wu,1150B, $	780.00 ,10/4/13
Grand Highlands at Mountain Brook,3753,mb2x2wub,1150B, $	779.00 ,10/4/13
Grand Highlands at Mountain Brook,3801,mb1x1gtb,850A, $	799.00 ,10/4/13
Grand Highlands at Mountain Brook,3803,mb1x1gtb,850A, $	769.00 ,10/4/13
Grand Highlands at Mountain Brook,3805,mb1x1gtb,850A, $	799.00 ,10/4/13
Grand Highlands at Mountain Brook,3807,mb1x1gt,850A, $	649.00 ,10/4/13
Grand Highlands at Mountain Brook,3809,mb1x1gw,850A, $	709.00 ,10/4/13
Grand Highlands at Mountain Brook,3811,mb1x1gwb,850A, $	779.00 ,10/4/13
Grand Highlands at Mountain Brook,3813,mb1x1gw,850A, $	629.00 ,10/4/13
Grand Highlands at Mountain Brook,3815,mb1x1gw,850A, $	739.00 ,10/4/13
Grand Highlands at Mountain Brook,3817,mb1x1gw,850A, $	669.00 ,10/4/13
Grand Highlands at Mountain Brook,3819,mb1x1gw,850A, $	624.00 ,10/4/13
Grand Highlands at Mountain Brook,3821,mb1x1gw,850A, $	679.00 ,10/4/13
Grand Highlands at Mountain Brook,3823,mb1x1gw,850A, $	669.00 ,10/4/13
Grand Highlands at Mountain Brook,3825,mb1x1gu,850A, $	689.00 ,10/4/13
Grand Highlands at Mountain Brook,3827,mb1x1gu,850A, $	501.75 ,10/4/13
Grand Highlands at Mountain Brook,3829,mb1x1gu,850A, $	649.00 ,10/4/13
Grand Highlands at Mountain Brook,3831,mb1x1gu,850A, $	649.00 ,10/4/13
Grand Highlands at Mountain Brook,3833,mb1x1gu,850A, $	679.00 ,10/4/13
Grand Highlands at Mountain Brook,3835,mb1x1gu,850A, $	669.00 ,10/4/13
Grand Highlands at Mountain Brook,3837,mb1x1gu,850A, $	649.00 ,10/4/13
Grand Highlands at Mountain Brook,3839,mb1x1gu,850A, $	679.00 ,10/4/13
Grand Highlands at Mountain Brook,4201,mb1x1et,720, $	619.00 ,10/4/13
Grand Highlands at Mountain Brook,4203,mb1x1et,720, $	659.00 ,10/4/13
Grand Highlands at Mountain Brook,4205,mb1x1et,720, $	644.00 ,10/4/13
Grand Highlands at Mountain Brook,4207,mb1x1et,720, $	659.00 ,10/4/13
Grand Highlands at Mountain Brook,4209,mb1x1ew,720, $	629.00 ,10/4/13
Grand Highlands at Mountain Brook,4211,mb1x1ewb,720, $	789.00 ,10/4/13
Grand Highlands at Mountain Brook,4213,mb1x1ew,720, $	619.00 ,10/4/13
Grand Highlands at Mountain Brook,4215,mb1x1ew,720, $	659.00 ,10/4/13
Grand Highlands at Mountain Brook,4217,mb1x1ew,720, $	679.00 ,10/4/13
Grand Highlands at Mountain Brook,4219,mb1x1ew,720, $	659.00 ,10/4/13
Grand Highlands at Mountain Brook,4221,mb1x1ew,720, $	679.00 ,10/4/13
Grand Highlands at Mountain Brook,4223,mb1x1ew,720,,10/4/13
Grand Highlands at Mountain Brook,4225,mb1x1eu,720, $	689.00 ,10/4/13
Grand Highlands at Mountain Brook,4227,mb1x1eu,720, $	659.00 ,10/4/13
Grand Highlands at Mountain Brook,4229,mb1x1eu,720, $	589.00 ,10/4/13
Grand Highlands at Mountain Brook,4231,mb1x1eu,720, $	629.00 ,10/4/13
Grand Highlands at Mountain Brook,4233,mb1x1eub,720, $	789.00 ,10/4/13
Grand Highlands at Mountain Brook,4235,mb1x1et,720, $	639.00 ,10/4/13
Grand Highlands at Mountain Brook,4237,mb1x1eub,720, $	789.00 ,10/4/13
Grand Highlands at Mountain Brook,4239,mb1x1eu,720, $	659.00 ,10/4/13
Grand Highlands at Mountain Brook,4301,mb3x2t,1350,,10/4/13
Grand Highlands at Mountain Brook,4303,mb3x2tb,1350," $	1,259.00 ",10/4/13
Grand Highlands at Mountain Brook,4305,mb3x2w,1350,,10/4/13
Grand Highlands at Mountain Brook,4307,mb3x2w,1350,,10/4/13
Grand Highlands at Mountain Brook,4309,mb3x2w,1350,,10/4/13
Grand Highlands at Mountain Brook,4311,mb3x2w,1350," $	1,049.00 ",10/4/13
Grand Highlands at Mountain Brook,4313,mb3x2w,1350," $	1,120.00 ",10/4/13
Grand Highlands at Mountain Brook,4315,mb3x2wb,1350," $	1,259.00 ",10/4/13
Grand Highlands at Mountain Brook,4317,mb3x2u,1350," $	1,099.00 ",10/4/13
Grand Highlands at Mountain Brook,4319,mb3x2wb,1350,,10/4/13
Grand Highlands at Mountain Brook,4401,mb1x1dt,790, $	659.00 ,10/4/13
Grand Highlands at Mountain Brook,4403,mb1x1dtb,790, $	789.00 ,10/4/13
Grand Highlands at Mountain Brook,4405,mb1x1dt,790, $	689.00 ,10/4/13
Grand Highlands at Mountain Brook,4407,mb1x1dt,790, $	625.00 ,10/4/13
Grand Highlands at Mountain Brook,4409,mb1x1dwb,790, $	844.00 ,10/4/13
Grand Highlands at Mountain Brook,4411,mb1x1dw,790, $	679.00 ,10/4/13
Grand Highlands at Mountain Brook,4413,mb1x1dw,790, $	699.00 ,10/4/13
Grand Highlands at Mountain Brook,4415,mb1x1dw,790, $	699.00 ,10/4/13
Grand Highlands at Mountain Brook,4417,mb1x1dw,790, $	689.00 ,10/4/13
Grand Highlands at Mountain Brook,4419,mb1x1dw,790, $	661.00 ,10/4/13
Grand Highlands at Mountain Brook,4421,mb1x1dw,790, $	735.00 ,10/4/13
Grand Highlands at Mountain Brook,4423,mb1x1dw,790, $	689.00 ,10/4/13
Grand Highlands at Mountain Brook,4425,mb1x1du,790, $	689.00 ,10/4/13
Grand Highlands at Mountain Brook,4427,mb1x1du,790, $	649.00 ,10/4/13
Grand Highlands at Mountain Brook,4429,mb1x1du,790, $	689.00 ,10/4/13
Grand Highlands at Mountain Brook,4431,mb1x1du,790, $	689.00 ,10/4/13
Grand Highlands at Mountain Brook,4433,mb1x1du,790, $	689.00 ,10/4/13
Grand Highlands at Mountain Brook,4435,mb1x1du,790, $	689.00 ,10/4/13
Grand Highlands at Mountain Brook,4437,mb1x1du,790, $	669.00 ,10/4/13
Grand Highlands at Mountain Brook,4439,mb1x1du,790, $	659.00 ,10/4/13
Grand Highlands at Mountain Brook,4501,mb1x1dtb,790, $	689.00 ,10/4/13
Grand Highlands at Mountain Brook,4503,mb1x1dt,790, $	689.00 ,10/4/13
Grand Highlands at Mountain Brook,4505,mb1x1dt,790, $	659.00 ,10/4/13
Grand Highlands at Mountain Brook,4507,mb1x1dt,790, $	689.00 ,10/4/13
Grand Highlands at Mountain Brook,4509,mb1x1dw,790, $	689.00 ,10/4/13
Grand Highlands at Mountain Brook,4511,mb1x1dw,790, $	719.00 ,10/4/13
Grand Highlands at Mountain Brook,4513,mb1x1dw,790, $	719.00 ,10/4/13
Grand Highlands at Mountain Brook,4515,mb1x1dw,790, $	689.00 ,10/4/13
Grand Highlands at Mountain Brook,4517,mb1x1dw,790, $	669.00 ,10/4/13
Grand Highlands at Mountain Brook,4519,mb1x1dw,790, $	689.00 ,10/4/13
Grand Highlands at Mountain Brook,4521,mb1x1dw,790, $	639.00 ,10/4/13
Grand Highlands at Mountain Brook,4523,mb1x1dw,790, $	639.00 ,10/4/13
Grand Highlands at Mountain Brook,4525,mb1x1du,790, $	649.00 ,10/4/13
Grand Highlands at Mountain Brook,4527,mb1x1du,790, $	770.00 ,10/4/13
Grand Highlands at Mountain Brook,4529,mb1x1du,790, $	639.00 ,10/4/13
Grand Highlands at Mountain Brook,4531,mb1x1du,790, $	679.00 ,10/4/13
Grand Highlands at Mountain Brook,4533,mb1x1du,790, $	679.00 ,10/4/13
Grand Highlands at Mountain Brook,4535,mb1x1du,790, $	669.00 ,10/4/13
Grand Highlands at Mountain Brook,4537,mb1x1du,790, $	659.00 ,10/4/13
Grand Highlands at Mountain Brook,4539,mb1x1du,790, $	709.00 ,10/4/13
Grand Highlands at Mountain Brook,4601,mb2x2dt,1175, $	879.00 ,10/4/13
Grand Highlands at Mountain Brook,4603,mb2x2dt,1175, $	849.00 ,10/4/13
Grand Highlands at Mountain Brook,4605,mb2x2dt,1175, $	894.00 ,10/4/13
Grand Highlands at Mountain Brook,4607,mb2x2dt,1175, $	869.00 ,10/4/13
Grand Highlands at Mountain Brook,4609,mb2x2dw,1175,,10/4/13
Grand Highlands at Mountain Brook,4611,mb2x2dw,1175, $	809.00 ,10/4/13
Grand Highlands at Mountain Brook,4613,mb2x2dw,1175, $	939.00 ,10/4/13
Grand Highlands at Mountain Brook,4615,mb2x2dw,1175, $	789.00 ,10/4/13
Grand Highlands at Mountain Brook,4617,mb2x2dw,1175, $	859.00 ,10/4/13
Grand Highlands at Mountain Brook,4619,mb2x2dw,1175, $	899.00 ,10/4/13
Grand Highlands at Mountain Brook,4621,mb2x2dw,1175, $	849.00 ,10/4/13
Grand Highlands at Mountain Brook,4623,mb2x2dw,1175, $	949.00 ,10/4/13
Grand Highlands at Mountain Brook,4625,mb2x2du,1175, $	949.00 ,10/4/13
Grand Highlands at Mountain Brook,4627,mb2x2du,1175, $	919.00 ,10/4/13
Grand Highlands at Mountain Brook,4629,mb2x2dub,1175, $	794.26 ,10/4/13
Grand Highlands at Mountain Brook,4631,mb2x2du,1175, $	919.00 ,10/4/13
Grand Highlands at Mountain Brook,4633,mb2x2du,1175, $	839.00 ,10/4/13
Grand Highlands at Mountain Brook,4635,mb2x2dub,1175," $	1,059.00 ",10/4/13
Grand Highlands at Mountain Brook,4637,mb2x2dub,1175," $	1,029.00 ",10/4/13
Grand Highlands at Mountain Brook,4639,mb2x2dub,1175," $	1,059.00 ",10/4/13
Grand Highlands at Mountain Brook,4701,mb3x2tb,1350," $	1,259.00 ",10/4/13
Grand Highlands at Mountain Brook,4703,mb3x2tb,1350," $	1,239.00 ",10/4/13
Grand Highlands at Mountain Brook,4705,mb3x2tb,1350," $	1,259.00 ",10/4/13
Grand Highlands at Mountain Brook,4707,mb3x2tb,1350,,10/4/13
Grand Highlands at Mountain Brook,4709,mb3x2w,1350," $	1,029.00 ",10/4/13
Grand Highlands at Mountain Brook,4711,mb3x2w,1350," $	1,119.00 ",10/4/13
Grand Highlands at Mountain Brook,4713,mb3x2w,1350, $	999.00 ,10/4/13
Grand Highlands at Mountain Brook,4715,mb3x2w,1350," $	1,099.00 ",10/4/13
Grand Highlands at Mountain Brook,4717,mb3x2w,1350,,10/4/13
Grand Highlands at Mountain Brook,4719,mb3x2w,1350," $	1,099.00 ",10/4/13
Grand Highlands at Mountain Brook,4721,mb3x2wb,1350," $	1,259.00 ",10/4/13
Grand Highlands at Mountain Brook,4723,mb3x2w,1350," $	1,099.00 ",10/4/13
Grand Highlands at Mountain Brook,4725,mb3x2ub,1350,,10/4/13
Grand Highlands at Mountain Brook,4727,mb3x2u,1350," $	1,099.00 ",10/4/13
Grand Highlands at Mountain Brook,4729,mb3x2u,1350," $	1,089.00 ",10/4/13
Grand Highlands at Mountain Brook,4731,mb3x2u,1350," $	1,049.00 ",10/4/13
Grand Highlands at Mountain Brook,4733,mb3x2u,1350," $	1,139.00 ",10/4/13
Grand Highlands at Mountain Brook,4735,mb3x2u,1350," $	1,139.00 ",10/4/13
Grand Highlands at Mountain Brook,4737,mb3x2u,1350," $	1,249.00 ",10/4/13
Grand Highlands at Mountain Brook,4739,mb3x2ub,1350," $	1,259.00 ",10/4/13
Grand Highlands at Mountain Brook,4801,mb1x1etb,720, $	789.00 ,10/4/13
Grand Highlands at Mountain Brook,4803,mb1x1et,720, $	619.00 ,10/4/13
Grand Highlands at Mountain Brook,4805,mb1x1et,720, $	659.00 ,10/4/13
Grand Highlands at Mountain Brook,4807,mb1x1et,720, $	619.00 ,10/4/13
Grand Highlands at Mountain Brook,4809,mb1x1ew,720, $	659.00 ,10/4/13
Grand Highlands at Mountain Brook,4811,mb1x1ew,720, $	659.00 ,10/4/13
Grand Highlands at Mountain Brook,4813,mb1x1ew,720, $	579.00 ,10/4/13
Grand Highlands at Mountain Brook,4815,mb1x1ew,720, $	659.00 ,10/4/13
Grand Highlands at Mountain Brook,4817,mb1x1ew,720,,10/4/13
Grand Highlands at Mountain Brook,4819,mb1x1ew,720, $	639.00 ,10/4/13
Grand Highlands at Mountain Brook,4821,mb1x1ew,720, $	659.00 ,10/4/13
Grand Highlands at Mountain Brook,4823,mb1x1ew,720, $	579.00 ,10/4/13
Grand Highlands at Mountain Brook,4825,mb1x1eu,720, $	649.00 ,10/4/13
Grand Highlands at Mountain Brook,4827,mb1x1eu,720, $	659.00 ,10/4/13
Grand Highlands at Mountain Brook,4829,mb1x1eu,720, $	705.00 ,10/4/13
Grand Highlands at Mountain Brook,4831,mb1x1eu,720, $	689.00 ,10/4/13
Grand Highlands at Mountain Brook,4833,mb1x1eu,720, $	679.00 ,10/4/13
Grand Highlands at Mountain Brook,4835,mb1x1eub,720, $	789.00 ,10/4/13
Grand Highlands at Mountain Brook,4837,mb1x1eu,720, $	689.00 ,10/4/13
Grand Highlands at Mountain Brook,4839,mb1x1eu,720, $	659.00 ,10/4/13
Grand Highlands at Mountain Brook,4901,mb1x1dtb,790,,10/4/13
Grand Highlands at Mountain Brook,4903,mb1x1dt,790, $	659.00 ,10/4/13
Grand Highlands at Mountain Brook,4905,mb1x1dt,790, $	689.00 ,10/4/13
Grand Highlands at Mountain Brook,4907,mb1x1dt,790, $	719.00 ,10/4/13
Grand Highlands at Mountain Brook,4909,mb1x1dw,790, $	615.00 ,10/4/13
Grand Highlands at Mountain Brook,4911,mb1x1dw,790, $	639.00 ,10/4/13
Grand Highlands at Mountain Brook,4913,mb1x1dw,790, $	649.00 ,10/4/13
Grand Highlands at Mountain Brook,4915,mb1x1dw,790, $	709.00 ,10/4/13
Grand Highlands at Mountain Brook,4917,mb1x1dw,790, $	729.00 ,10/4/13
Grand Highlands at Mountain Brook,4919,mb1x1dw,790, $	689.00 ,10/4/13
Grand Highlands at Mountain Brook,4921,mb1x1dw,790, $	639.00 ,10/4/13
Grand Highlands at Mountain Brook,4923,mb1x1dw,790, $	649.00 ,10/4/13
Grand Highlands at Mountain Brook,4925,mb1x1du,790, $	689.00 ,10/4/13
Grand Highlands at Mountain Brook,4927,mb1x1du,790, $	660.00 ,10/4/13
Grand Highlands at Mountain Brook,4929,mb1x1du,790, $	669.00 ,10/4/13
Grand Highlands at Mountain Brook,4931,mb1x1du,790, $	689.00 ,10/4/13
Grand Highlands at Mountain Brook,4933,mb1x1dub,790, $	819.00 ,10/4/13
Grand Highlands at Mountain Brook,4935,mb1x1dub,790, $	819.00 ,10/4/13
Grand Highlands at Mountain Brook,4937,mb1x1du,790, $	669.00 ,10/4/13
Grand Highlands at Mountain Brook,4939,mb1x1dub,790, $	819.00 ,10/4/13